[
  {
    "name": "January",
    "number": 1
  },
  {
    "name": "February",
    "number": 2
  },
  {
    "name": "March",
    "number": 3
  },
  {
    "name": "April",
    "number": 4.0
  },
  {
    "name": "May",
    "number": 5
  },
  {
    "name": "June",
    "number": 6
  },
  {
    "name": "September",
    "number": 9
  },
  {
    "name": "October",
    "number": 10
  },
  {
    "name": "November",
    "number": 11
  },
  {
    "name": "December",
    "number": 12
  }
]