tconst,parenttconst,seasonnumber,episodenumber
tt7492060,tt0086744,2,15
tt7500894,tt0081860,37,4
tt7504306,tt0081961,3,7
tt7511070,tt0088512,\N,\N
tt7511166,tt0088554,1,1649
tt7511168,tt0088554,1,1650
tt7511174,tt0088554,1,1651
tt7512720,tt0081857,37,33
tt7512724,tt0081857,37,31
tt7512726,tt0081857,37,32
tt7512730,tt0081857,37,34
tt7512732,tt0081857,37,35
tt7512734,tt0081857,37,37
tt7514142,tt0088512,\N,\N
tt7517596,tt0088512,\N,\N
tt7517600,tt0088512,\N,\N
tt7522068,tt0088581,1,1
tt7522072,tt0088581,1,46
tt7522074,tt0088581,1,50
tt7539478,tt0080301,1,163
tt7539544,tt0080301,1,162
tt7539556,tt0080301,1,161
tt7539566,tt0080301,1,160
tt7539580,tt0080301,1,159
tt7539594,tt0080301,1,158
tt7539602,tt0080301,1,157
tt7540030,tt0081857,37,38
tt7540032,tt0081857,37,39
tt7540034,tt0081857,37,40
tt7540040,tt0081857,37,41
tt7540044,tt0081857,37,81
tt7540048,tt0081857,37,43
tt7540050,tt0081857,37,44
tt7540624,tt0080301,1,156
tt7540632,tt0080301,1,155
tt7540646,tt0080301,1,154
tt7540676,tt0080301,1,153
tt7540706,tt0080301,1,152
tt7540734,tt0080301,1,151
tt7540796,tt0080301,1,149
tt7546438,tt0083473,2,7
tt7547722,tt0088512,\N,\N
tt7547728,tt0088512,\N,\N
tt7547742,tt0088512,\N,\N
tt7547752,tt0088512,\N,\N
tt7553370,tt0086750,\N,\N
tt7554610,tt0083380,4,17
tt7557722,tt0088550,\N,\N
tt7563892,tt0088512,\N,\N
tt7567370,tt0088512,\N,\N
tt7570168,tt0088554,1,1652
tt7570178,tt0088554,1,1653
tt7571958,tt0088512,\N,\N
tt7571968,tt0088512,\N,\N
tt7572748,tt0081857,37,48
tt7572752,tt0081857,37,54
tt7572754,tt0081857,37,60
tt7572758,tt0081857,37,66
tt7594570,tt0088512,\N,\N
tt7594572,tt0088512,\N,\N
tt7598138,tt0088512,\N,\N
tt7598144,tt0088512,\N,\N
tt7605006,tt0086792,1,6
tt7613038,tt0088512,\N,\N
tt7613060,tt0088512,\N,\N
tt7617784,tt0088512,\N,\N
tt7621424,tt0088512,\N,\N
tt7624278,tt0081857,37,82
tt7624280,tt0081857,37,56
tt7624286,tt0081857,37,57
tt7624288,tt0081857,37,58
tt7624296,tt0081857,37,59
tt7624298,tt0081857,37,83
tt7624300,tt0081857,37,61
tt7639928,tt0088512,\N,\N
tt7639934,tt0088512,\N,\N
tt7639936,tt0088512,\N,\N
tt7639940,tt0088512,\N,\N
tt7651076,tt0088512,\N,\N
tt7651368,tt0081857,37,62
tt7651372,tt0081857,37,63
tt7651374,tt0081857,37,64
tt7651376,tt0081857,37,65
tt7651380,tt0081857,37,85
tt7651384,tt0081857,37,67
tt7651386,tt0081857,37,68
tt7651388,tt0081857,37,69
tt7651398,tt0081857,37,70
tt7651610,tt0081857,1,226
tt7658178,tt0088512,\N,\N
tt7662030,tt0088512,\N,\N
tt7662032,tt0088512,\N,\N
tt7664526,tt0088554,1,1654
tt7664544,tt0088554,1,1655
tt7668606,tt0088512,\N,\N
tt7668610,tt0088512,\N,\N
tt7671530,tt0088512,\N,\N
tt7675142,tt0088512,\N,\N
tt7678896,tt0081857,\N,\N
tt7683650,tt0081857,37,72
tt7683652,tt0081857,37,78
tt7683658,tt0081857,37,84
tt7683660,tt0081857,37,90
tt7683662,tt0081857,37,96
tt7692908,tt0088554,1,1656
tt7692918,tt0088554,1,1657
tt7694810,tt0088512,\N,\N
tt7697456,tt0083504,3,14
tt7701938,tt0088512,\N,\N
tt7701946,tt0088512,\N,\N
tt7701986,tt0088512,\N,\N
tt7704224,tt0086806,1,5
tt7709476,tt0081857,37,104
tt7709478,tt0081857,37,105
tt7709480,tt0081857,37,74
tt7709484,tt0081857,37,75
tt7709486,tt0081857,37,76
tt7709488,tt0081857,37,77
tt7709492,tt0081857,37,106
tt7709494,tt0081857,37,79
tt7722202,tt0088512,\N,\N
tt7726014,tt0088512,\N,\N
tt7726018,tt0088512,\N,\N
tt7726024,tt0088512,\N,\N
tt7726028,tt0088512,\N,\N
tt7726032,tt0088512,\N,\N
tt7726036,tt0088512,\N,\N
tt7726038,tt0088512,\N,\N
tt7726044,tt0088512,\N,\N
tt7726046,tt0088512,\N,\N
tt7740324,tt0081857,37,80
tt7748544,tt0088486,19,7
tt7748548,tt0088486,20,1
tt7753320,tt0081857,\N,\N
tt7753378,tt0081857,\N,\N
tt7753426,tt0081857,\N,\N
tt7753456,tt0081857,\N,\N
tt7758644,tt0088736,1,2
tt7758646,tt0088736,1,3
tt7765498,tt0081857,37,107
tt7765500,tt0081857,\N,\N
tt7765504,tt0081857,37,86
tt7765506,tt0081857,37,87
tt7765510,tt0081857,37,88
tt7765512,tt0081857,37,89
tt7765514,tt0081857,\N,\N
tt7765516,tt0081857,37,91
tt7772918,tt0081857,1,101
tt7772924,tt0081857,1,104
tt7772938,tt0081857,3,232
tt7779780,tt0088512,\N,\N
tt7779786,tt0088512,\N,\N
tt7779798,tt0088512,\N,\N
tt7779800,tt0088512,\N,\N
tt7785200,tt0081857,37,92
tt7785202,tt0081857,37,93
tt7785204,tt0081857,37,94
tt7785208,tt0081857,37,95
tt7789454,tt0086793,1,1776
tt7789496,tt0086793,1,1777
tt7789526,tt0086793,1,1778
tt7789566,tt0086793,1,1779
tt7790940,tt0083448,36,2
tt7792256,tt0086793,1,1780
tt7792330,tt0086793,1,1781
tt7792370,tt0086793,1,1782
tt7792434,tt0086793,1,1783
tt7792462,tt0086793,1,1784
tt7792472,tt0086793,1,1785
tt7792496,tt0086793,1,1786
tt7792550,tt0086793,1,1787
tt7792604,tt0086793,1,1788
tt7792730,tt0086793,1,1789
tt7792918,tt0088554,1,1658
tt7792922,tt0088554,1,1659
tt7792930,tt0088554,1,1660
tt7792942,tt0088554,1,1661
tt7793334,tt0086793,1,1790
tt7793356,tt0086793,1,1791
tt7793396,tt0086793,1,1792
tt7793404,tt0086793,1,1793
tt7793548,tt0086793,1,1796
tt7793568,tt0086793,1,1799
tt7793640,tt0086793,1,1800
tt7793674,tt0086793,1,1801
tt7797290,tt0089046,1,1
tt7797294,tt0089046,1,2
tt7799798,tt0081857,37,97
tt7799810,tt0081857,37,98
tt7799812,tt0081857,37,99
tt7799816,tt0081857,37,100
tt7799820,tt0081857,37,101
tt7799822,tt0081857,37,103
tt7803652,tt0081857,37,102
tt7803656,tt0081857,37,108
tt7803658,tt0081857,37,114
tt7803664,tt0081857,37,120
tt7803884,tt0086570,1,1
tt7803886,tt0086570,1,2
tt7803888,tt0086570,1,3
tt7820380,tt0088486,20,2
tt7820618,tt0088505,1,3
tt7820628,tt0088505,1,2
tt7820632,tt0088505,1,5
tt7820634,tt0088505,1,6
tt7820640,tt0088505,1,7
tt7821230,tt0082201,1,7
tt7821306,tt0082201,1,8
tt7821574,tt0082201,1,12
tt7821750,tt0082201,1,57
tt7822056,tt0082201,1,150
tt7822126,tt0082201,1,20
tt7822170,tt0082201,1,22
tt7822190,tt0082201,1,24
tt7822196,tt0082201,1,21
tt7822248,tt0082201,1,30
tt7822778,tt0082201,1,130
tt7822818,tt0082201,1,11
tt7822898,tt0082201,1,13
tt7822920,tt0082201,1,9
tt7822932,tt0082201,1,10
tt7823026,tt0082201,1,118
tt7823092,tt0082201,1,114
tt7826386,tt0082201,1,103
tt7826458,tt0082201,1,112
tt7826568,tt0082201,1,106
tt7826622,tt0082201,1,102
tt7826782,tt0082201,1,101
tt7826956,tt0082201,1,110
tt7827026,tt0082201,1,109
tt7827048,tt0082201,1,108
tt7827084,tt0082201,1,96
tt7827308,tt0082201,1,93
tt7827326,tt0082201,1,116
tt7827330,tt0082201,1,84
tt7827332,tt0082201,1,80
tt7827342,tt0082201,1,55
tt7827350,tt0082201,1,37
tt7827356,tt0082201,1,33
tt7827366,tt0082201,1,23
tt7827382,tt0082201,1,25
tt7827408,tt0082201,1,26
tt7827694,tt0082201,1,142
tt7827766,tt0082201,1,48
tt7827788,tt0082201,1,50
tt7827804,tt0082201,1,52
tt7827816,tt0082201,1,60
tt7827826,tt0082201,1,65
tt7827838,tt0082201,1,62
tt7827866,tt0082201,1,75
tt7827880,tt0082201,1,67
tt7827938,tt0082201,1,19
tt7828026,tt0082201,1,27
tt7830154,tt0082201,1,29
tt7830180,tt0082201,1,31
tt7830196,tt0082201,1,32
tt7830252,tt0082201,1,34
tt7830298,tt0082201,1,35
tt7830384,tt0082201,1,36
tt7830402,tt0082201,1,38
tt7830454,tt0082201,1,40
tt7830494,tt0082201,1,41
tt7830542,tt0082201,1,42
tt7830604,tt0082201,1,43
tt7830668,tt0082201,1,46
tt7830692,tt0082201,1,47
tt7830742,tt0082201,1,51
tt7831522,tt0088512,\N,\N
tt7834132,tt0082201,1,53
tt7834142,tt0082201,1,54
tt7834160,tt0082201,1,56
tt7834302,tt0082201,1,58
tt7834318,tt0082201,1,59
tt7834370,tt0082201,1,63
tt7834382,tt0082201,1,64
tt7834388,tt0082201,1,66
tt7834402,tt0082201,1,68
tt7834410,tt0082201,1,69
tt7834416,tt0082201,1,70
tt7834428,tt0082201,1,71
tt7834436,tt0082201,1,73
tt7834444,tt0082201,1,76
tt7834462,tt0082201,1,77
tt7834470,tt0082201,1,78
tt7834484,tt0082201,1,79
tt7834708,tt0088512,\N,\N
tt7837622,tt0083448,36,3
tt7837950,tt0082201,1,61
tt7837962,tt0082201,1,81
tt7838074,tt0082201,1,82
tt7838152,tt0082201,1,83
tt7838162,tt0082201,1,85
tt7838168,tt0082201,1,86
tt7838176,tt0082201,1,87
tt7838196,tt0082201,1,89
tt7838246,tt0088512,\N,\N
tt7838248,tt0088512,\N,\N
tt7842190,tt0082201,1,90
tt7842310,tt0082201,1,91
tt7842330,tt0082201,1,92
tt7842416,tt0082201,1,94
tt7842488,tt0082201,1,98
tt7842604,tt0082201,1,99
tt7842808,tt0082201,1,105
tt7843004,tt0082201,1,113
tt7843118,tt0082201,1,115
tt7843304,tt0082201,1,117
tt7844282,tt0082201,1,123
tt7845992,tt0082201,1,124
tt7846000,tt0082201,1,125
tt7846538,tt0082201,1,126
tt7846640,tt0082201,1,127
tt7846702,tt0082201,1,131
tt7846836,tt0082201,1,132
tt7846956,tt0082201,1,133
tt7847022,tt0082201,1,135
tt7847238,tt0082201,1,136
tt7847312,tt0082201,1,137
tt7847618,tt0082201,1,138
tt7847694,tt0082201,1,139
tt7847778,tt0082201,1,140
tt7847948,tt0082201,1,141
tt7848030,tt0083448,\N,\N
tt7848034,tt0082201,1,143
tt7848058,tt0082201,1,144
tt7848076,tt0082201,1,145
tt7848104,tt0082201,1,146
tt7848108,tt0082201,1,147
tt7848114,tt0082201,1,148
tt7848118,tt0082201,1,149
tt7862106,tt0088512,\N,\N
tt7866300,tt0081857,37,124
tt7866728,tt0088512,\N,\N
tt7866738,tt0088512,\N,\N
tt7866960,tt0081857,37,109
tt7866962,tt0081857,37,110
tt7866964,tt0081857,37,111
tt7866966,tt0081857,37,112
tt7866968,tt0081857,37,113
tt7866970,tt0081857,37,125
tt7866972,tt0081857,37,115
tt7868908,tt0083448,36,4
tt7871016,tt0088512,\N,\N
tt7879572,tt0081857,\N,\N
tt7885924,tt0083380,4,25
tt7885928,tt0083380,4,15
tt7885934,tt0083380,4,38
tt7897220,tt0088512,\N,\N
tt7900792,tt0081857,37,116
tt7900796,tt0081857,37,117
tt7900798,tt0081857,37,118
tt7900802,tt0081857,37,119
tt7900806,tt0081857,37,141
tt7900808,tt0081857,37,121
tt7900810,tt0081857,37,122
tt7900812,tt0081857,37,123
tt7901360,tt0088512,\N,\N
tt7904280,tt0083448,36,5
tt7905224,tt0088512,\N,\N
tt7905228,tt0088512,\N,\N
tt7927878,tt0088486,20,3
tt7927884,tt0088486,20,4
tt7927886,tt0088486,20,5
tt7929580,tt0088512,\N,\N
tt7933560,tt0088512,\N,\N
tt7935610,tt0083448,36,6
tt7937508,tt0088512,\N,\N
tt7937510,tt0088512,\N,\N
tt7948544,tt0088516,1,2
tt7948654,tt0088516,1,4
tt7949124,tt0088486,20,6
tt7951416,tt0086793,1,1805
tt7951438,tt0086793,1,1803
tt7954218,tt0081857,37,126
tt7954220,tt0081857,37,132
tt7954224,tt0081857,37,138
tt7954228,tt0081857,37,144
tt7960754,tt0081857,37,175
tt7960756,tt0081857,37,127
tt7960758,tt0081857,37,128
tt7960760,tt0081857,37,129
tt7960762,tt0081857,37,130
tt7960768,tt0081857,37,131
tt7960772,tt0081857,37,145
tt7963776,tt0088512,\N,\N
tt7964404,tt0088554,1,1662
tt7964410,tt0088554,1,1663
tt7964418,tt0088554,1,1664
tt7964428,tt0088554,1,1665
tt7965728,tt0083448,36,7
tt7967326,tt0088512,\N,\N
tt7971616,tt0088512,\N,\N
tt7971644,tt0088512,\N,\N
tt7984814,tt0088550,\N,\N
tt7993592,tt0088512,\N,\N
tt7993594,tt0088512,\N,\N
tt7996088,tt0083448,36,8
tt7997604,tt0088512,\N,\N
tt8000950,tt0083392,1,1521
tt8002688,tt0086793,1,1806
tt8002696,tt0086793,1,1807
tt8002720,tt0086793,1,1808
tt8002730,tt0086793,1,1809
tt8010500,tt0085649,1,0
tt8016972,tt0088554,1,1666
tt8016994,tt0088554,1,1667
tt8020596,tt0088512,\N,\N
tt8024288,tt0088512,\N,\N
tt8026552,tt0083448,36,9
tt8027874,tt0088512,\N,\N
tt8027882,tt0088512,\N,\N
tt8036044,tt0088598,\N,\N
tt8040896,tt0083504,7,109
tt8040962,tt0083504,7,36
tt8040972,tt0083504,8,51
tt8040990,tt0083504,10,60
tt8043058,tt0088607,1,2
tt8043060,tt0088607,1,4
tt8043062,tt0088607,3,2
tt8043064,tt0088607,3,3
tt8043066,tt0088607,3,4
tt8043068,tt0088607,3,5
tt8043070,tt0088607,3,6
tt8043072,tt0088607,4,2
tt8043074,tt0088607,4,3
tt8043076,tt0088607,4,4
tt8043078,tt0088607,4,5
tt8043080,tt0088607,4,6
tt8043514,tt0088607,5,2
tt8043516,tt0088607,5,4
tt8043518,tt0088607,5,3
tt8043520,tt0088607,5,5
tt8043524,tt0088607,5,6
tt8043526,tt0088607,5,7
tt8043528,tt0088607,5,8
tt8043530,tt0088607,5,9
tt8043532,tt0088607,5,10
tt8043534,tt0088607,5,11
tt8043536,tt0088607,5,12
tt8043542,tt0088607,4,1
tt8052106,tt0086811,5,31
tt8052112,tt0086811,5,32
tt8052138,tt0086811,5,34
tt8052142,tt0086811,5,35
tt8052200,tt0088512,\N,\N
tt8056126,tt0088512,\N,\N
tt8058976,tt0083448,\N,\N
tt8059736,tt0081857,37,150
tt8059738,tt0081857,37,156
tt8059742,tt0081857,37,162
tt8059744,tt0081857,37,168
tt8059746,tt0081857,37,174
tt8059748,tt0081857,37,176
tt8059758,tt0081857,37,146
tt8059760,tt0081857,37,147
tt8059768,tt0081857,37,148
tt8059774,tt0081857,37,149
tt8060144,tt0088512,\N,\N
tt8060146,tt0088512,\N,\N
tt8074734,tt0081890,1,1
tt8074736,tt0081890,1,2
tt8074738,tt0081890,1,3
tt8074742,tt0081890,2,1
tt8074750,tt0081890,2,2
tt8076026,tt0085796,1,1
tt8076034,tt0085796,1,2
tt8076060,tt0085796,1,3
tt8076074,tt0085796,1,4
tt8076092,tt0085796,1,5
tt8076094,tt0085796,1,6
tt8076208,tt0085796,1,8
tt8076218,tt0085796,1,10
tt8076238,tt0085796,1,9
tt8076258,tt0085796,1,11
tt8076276,tt0085796,1,12
tt8076284,tt0085796,1,13
tt8076294,tt0085796,1,14
tt8076302,tt0085796,1,15
tt8076308,tt0085796,1,16
tt8076314,tt0085796,1,17
tt8076322,tt0085796,1,18
tt8076392,tt0085796,1,7
tt8076896,tt0085796,1,19
tt8079772,tt0088554,1,1668
tt8079798,tt0088554,1,1669
tt8079834,tt0088554,1,1670
tt8085622,tt0088512,\N,\N
tt8089044,tt0083504,6,69
tt8090322,tt0088512,\N,\N
tt8090462,tt0081857,37,177
tt8090466,tt0081857,37,151
tt8090468,tt0081857,37,152
tt8090472,tt0081857,37,153
tt8090474,tt0081857,37,154
tt8090476,tt0081857,37,155
tt8090800,tt0083504,5,96
tt8092782,tt0083448,\N,\N
tt8093760,tt0088512,\N,\N
tt8093768,tt0088512,\N,\N
tt8116230,tt0088512,\N,\N
tt8117256,tt0086793,1,1810
tt8117270,tt0086793,1,1811
tt8117294,tt0086793,1,1812
tt8117400,tt0086793,1,1813
tt8117530,tt0086793,1,1814
tt8118108,tt0083392,\N,\N
tt8118114,tt0083392,\N,\N
tt8118120,tt0083392,\N,\N
tt8118124,tt0083392,\N,\N
tt8118130,tt0083392,\N,\N
tt8118134,tt0083392,\N,\N
tt8118138,tt0083392,\N,\N
tt8118140,tt0083392,\N,\N
tt8118144,tt0083392,\N,\N
tt8118146,tt0083392,\N,\N
tt8118148,tt0083392,\N,\N
tt8118150,tt0083392,\N,\N
tt8118152,tt0083392,\N,\N
tt8118154,tt0083392,\N,\N
tt8118156,tt0083392,\N,\N
tt8118248,tt0083504,9,13
tt8118276,tt0083504,8,98
tt8118520,tt0086793,1,1815
tt8119278,tt0088598,\N,\N
tt8120364,tt0088512,\N,\N
tt8120640,tt0081857,37,207
tt8120642,tt0081857,37,157
tt8120644,tt0081857,37,158
tt8120646,tt0081857,37,159
tt8120648,tt0081857,37,160
tt8120650,tt0081857,37,161
tt8123730,tt0083448,\N,\N
tt8125456,tt0088512,\N,\N
tt8125460,tt0088512,\N,\N
tt8134360,tt0088603,1,2
tt8134368,tt0088603,1,3
tt8134370,tt0088603,1,4
tt8134376,tt0088603,1,5
tt8134384,tt0088603,1,6
tt8134398,tt0088603,1,7
tt8134408,tt0088603,1,8
tt8134412,tt0088603,1,9
tt8134422,tt0088603,1,10
tt8134432,tt0088603,1,11
tt8134452,tt0088603,1,12
tt8134456,tt0088603,1,13
tt8134466,tt0088603,1,14
tt8134476,tt0088603,1,15
tt8134484,tt0088603,1,16
tt8134492,tt0088603,1,17
tt8134504,tt0088603,1,18
tt8134514,tt0088603,1,19
tt8134520,tt0088603,1,20
tt8134528,tt0088603,1,21
tt8152188,tt0088512,\N,\N
tt8152346,tt0081857,37,208
tt8152348,tt0081857,37,163
tt8152350,tt0081857,37,164
tt8152354,tt0081857,37,165
tt8152356,tt0081857,37,166
tt8152358,tt0081857,37,167
tt8156848,tt0088512,\N,\N
tt8160978,tt0088512,\N,\N
tt8160984,tt0088512,\N,\N
tt8164682,tt0083448,\N,\N
tt8170918,tt0083452,36,11
tt8184002,tt0083397,1,193
tt8184316,tt0083397,\N,\N
tt8184398,tt0083397,\N,\N
tt8185048,tt0088512,\N,\N
tt8185492,tt0081857,37,169
tt8185494,tt0081857,37,170
tt8185496,tt0081857,37,171
tt8185504,tt0081857,37,172
tt8185508,tt0081857,37,173
tt8188776,tt0088512,\N,\N
tt8190958,tt0083448,\N,\N
tt8193158,tt0088512,\N,\N
tt8193204,tt0088512,\N,\N
tt8196606,tt0083448,\N,\N
tt8196608,tt0083448,\N,\N
tt8196612,tt0083448,\N,\N
tt8196614,tt0083448,\N,\N
tt8196618,tt0083448,\N,\N
tt8196624,tt0083448,\N,\N
tt8196628,tt0083448,\N,\N
tt8196630,tt0083448,\N,\N
tt8196634,tt0083448,\N,\N
tt8206388,tt0088565,1,1
tt8215474,tt0086683,1,31
tt8216008,tt0081857,37,180
tt8216010,tt0081857,37,186
tt8216012,tt0081857,37,192
tt8216014,tt0081857,37,198
tt8216308,tt0088512,\N,\N
tt8219362,tt0083451,4,11
tt8219466,tt0083451,4,10
tt8219516,tt0083451,4,9
tt8219644,tt0083451,5,14
tt8220272,tt0088512,\N,\N
tt8221004,tt0088554,1,1671
tt8221040,tt0088554,1,1672
tt8221042,tt0088554,1,1673
tt8221072,tt0088554,1,1674
tt8221118,tt0088554,1,1675
tt8222048,tt0086793,1,1816
tt8222186,tt0086793,1,1818
tt8222216,tt0086793,1,1819
tt8222302,tt0086793,1,1820
tt8222506,tt0086793,1,1821
tt8222544,tt0086793,1,1822
tt8222590,tt0086793,1,1823
tt8222614,tt0086793,1,1824
tt8222650,tt0086793,1,1825
tt8222712,tt0086793,1,1826
tt8222820,tt0083448,\N,\N
tt8222880,tt0086793,1,1827
tt8223060,tt0086793,1,1830
tt8223120,tt0086793,1,1831
tt8223134,tt0086793,1,1832
tt8223184,tt0086793,1,1834
tt8223406,tt0086793,1,1840
tt8223424,tt0086793,1,1841
tt8223490,tt0086793,1,1842
tt8223528,tt0086793,1,1843
tt8223566,tt0086793,1,1844
tt8223586,tt0086793,1,1845
tt8223616,tt0086793,1,1846
tt8223630,tt0086793,1,1847
tt8223668,tt0086793,1,1848
tt8223836,tt0088512,\N,\N
tt8223840,tt0088512,\N,\N
tt8224440,tt0086793,1,1849
tt8224464,tt0086793,1,1850
tt8224492,tt0086793,1,1851
tt8224522,tt0086793,1,1852
tt8224554,tt0086793,1,1853
tt8224582,tt0086793,1,1854
tt8224610,tt0086793,1,1855
tt8226666,tt0081857,4,220
tt8226678,tt0081857,4,222
tt8226682,tt0081857,4,237
tt8226704,tt0086793,1,1856
tt8226750,tt0086793,1,1857
tt8226812,tt0086793,1,1858
tt8226860,tt0086793,1,1859
tt8227124,tt0086793,1,1860
tt8227174,tt0086793,1,1861
tt8227196,tt0081857,\N,\N
tt8227206,tt0086793,1,1862
tt8227242,tt0086793,1,1863
tt8227280,tt0086793,1,1864
tt8227344,tt0086793,1,1865
tt8227448,tt0086793,1,1867
tt8227588,tt0086793,1,1869
tt8227614,tt0086793,1,1870
tt8227654,tt0086793,1,1871
tt8227676,tt0086793,1,1872
tt8227714,tt0086793,1,1873
tt8227742,tt0086793,1,1874
tt8227766,tt0086793,1,1875
tt8227808,tt0086793,1,1876
tt8228450,tt0081857,5,217
tt8228452,tt0081857,5,222
tt8228454,tt0081857,5,232
tt8228462,tt0081857,6,38
tt8228464,tt0081857,6,39
tt8228468,tt0081857,6,40
tt8228738,tt0086793,1,1877
tt8228746,tt0086793,1,1878
tt8228760,tt0086793,1,1879
tt8228774,tt0086793,1,1880
tt8228796,tt0086793,1,1881
tt8231378,tt0086793,1,1884
tt8231392,tt0086793,1,1885
tt8236144,tt0086793,1,1886
tt8236158,tt0086793,1,1887
tt8236178,tt0086793,1,1888
tt8236196,tt0086793,1,1889
tt8236432,tt0081857,37,178
tt8236436,tt0081857,37,179
tt8236448,tt0081857,37,254
tt8241914,tt0083452,36,2
tt8248218,tt0086793,1,1890
tt8248368,tt0086793,1,1891
tt8248400,tt0086793,1,1892
tt8248432,tt0086793,1,1893
tt8248446,tt0086793,1,1895
tt8248484,tt0086793,1,1900
tt8248530,tt0086793,1,1901
tt8248612,tt0086793,1,1905
tt8248634,tt0086793,1,1906
tt8248662,tt0086793,1,1907
tt8248692,tt0086793,1,1908
tt8248710,tt0086793,1,1909
tt8248762,tt0086793,1,1910
tt8248780,tt0086793,1,1911
tt8248796,tt0086793,1,1912
tt8248882,tt0088512,\N,\N
tt8249216,tt0086793,1,1914
tt8249262,tt0086793,1,1915
tt8249284,tt0086793,1,1916
tt8249292,tt0086793,1,1917
tt8249314,tt0086793,1,1918
tt8249334,tt0086793,1,1919
tt8249352,tt0086793,1,1920
tt8249370,tt0086793,1,1921
tt8249386,tt0086793,1,1922
tt8249406,tt0086793,1,1923
tt8249416,tt0086793,1,1924
tt8249424,tt0086793,1,1925
tt8249514,tt0086793,1,1928
tt8249528,tt0086793,1,1929
tt8249538,tt0086793,1,1930
tt8249598,tt0086793,1,1932
tt8249640,tt0086793,1,1933
tt8249686,tt0086793,1,1934
tt8249736,tt0086793,1,1935
tt8249802,tt0086793,1,1936
tt8249818,tt0086793,1,1937
tt8249826,tt0086793,1,1938
tt8249836,tt0086793,1,1939
tt8249846,tt0086793,1,1940
tt8249854,tt0086793,1,1941
tt8249862,tt0086793,1,1942
tt8249876,tt0086793,1,1943
tt8249946,tt0086793,1,1944
tt8250114,tt0086793,1,1945
tt8250130,tt0086793,1,1946
tt8250212,tt0086793,1,1947
tt8250216,tt0086793,1,1948
tt8250232,tt0086793,1,1949
tt8250254,tt0086793,1,1950
tt8250668,tt0088512,\N,\N
tt8251376,tt0086793,1,1953
tt8251488,tt0086793,1,1954
tt8253042,tt0081857,37,181
tt8253046,tt0081857,37,182
tt8253048,tt0081857,37,183
tt8253050,tt0081857,37,184
tt8253052,tt0081857,37,185
tt8253184,tt0083448,\N,\N
tt8254374,tt0088512,\N,\N
tt8254384,tt0088512,\N,\N
tt8257552,tt0086793,1,1960
tt8257836,tt0085658,1,1
tt8257838,tt0085658,1,2
tt8257846,tt0085658,1,3
tt8257856,tt0085658,1,4
tt8261106,tt0086793,1,1961
tt8261166,tt0086793,1,1962
tt8261322,tt0086793,1,1963
tt8264992,tt0086793,1,1964
tt8265130,tt0086793,1,1965
tt8278380,tt0088512,\N,\N
tt8280384,tt0081857,37,255
tt8280386,tt0081857,37,187
tt8280390,tt0081857,37,188
tt8280392,tt0081857,37,189
tt8280394,tt0081857,37,190
tt8280396,tt0081857,37,191
tt8282910,tt0088512,\N,\N
tt8285296,tt0083448,\N,\N
tt8286574,tt0088512,\N,\N
tt8286580,tt0088512,\N,\N
tt8299998,tt0085072,1,1
tt8307682,tt0088512,\N,\N
tt8307686,tt0088512,\N,\N
tt8308944,tt0088512,\N,\N
tt8309056,tt0088512,\N,\N
tt8309924,tt0083452,36,12
tt8316694,tt0086793,1,1967
tt8316764,tt0086793,1,1968
tt8316852,tt0086793,1,1969
tt8317654,tt0086793,1,1972
tt8317748,tt0086793,1,1973
tt8317844,tt0086793,1,1974
tt8317972,tt0086793,1,1975
tt8318096,tt0086793,1,1976
tt8318272,tt0086793,1,1977
tt8318880,tt0083448,\N,\N
tt8319732,tt0081857,37,193
tt8319736,tt0081857,37,194
tt8319738,tt0081857,37,195
tt8319746,tt0081857,37,196
tt8319748,tt0081857,37,197
tt8325128,tt0088598,\N,\N
tt8333912,tt0083459,1,4
tt8343804,tt0088512,\N,\N
tt8343896,tt0085100,\N,\N
tt8347646,tt0088512,\N,\N
tt8347862,tt0081857,37,204
tt8347864,tt0081857,37,210
tt8347868,tt0081857,37,216
tt8347870,tt0081857,37,222
tt8347886,tt0081857,37,199
tt8347894,tt0081857,37,200
tt8347896,tt0081857,37,201
tt8347898,tt0081857,37,202
tt8347902,tt0081857,37,203
tt8347904,tt0081857,37,206
tt8347906,tt0081857,37,205
tt8350470,tt0083448,\N,\N
tt8351438,tt0088512,\N,\N
tt8351442,tt0088512,\N,\N
tt8356174,tt0083508,1,2
tt8359522,tt0083452,36,5
tt8374198,tt0088512,\N,\N
tt8377788,tt0088512,\N,\N
tt8381692,tt0083448,\N,\N
tt8381850,tt0088512,\N,\N
tt8381852,tt0088512,\N,\N
tt8390770,tt0083451,4,12
tt8390786,tt0083451,4,8
tt8391672,tt0083451,5,19
tt8399296,tt0086825,1,5
tt8399302,tt0086825,1,6
tt8401296,tt0081857,37,209
tt8401298,tt0081857,37,256
tt8401300,tt0081857,37,211
tt8401302,tt0081857,37,212
tt8401304,tt0081857,37,213
tt8401306,tt0081857,37,214
tt8401308,tt0081857,37,215
tt8401310,tt0081857,37,257
tt8406234,tt0088512,\N,\N
tt8409276,tt0088512,\N,\N
tt8412240,tt0083448,\N,\N
tt8413290,tt0088512,\N,\N
tt8413294,tt0088512,\N,\N
tt8413326,tt0082201,1,119
tt8413330,tt0082201,1,120
tt8413486,tt0082201,1,121
tt8413492,tt0082201,1,122
tt8416652,tt0088554,1,1676
tt8416666,tt0088554,1,1677
tt8416688,tt0088554,1,1678
tt8435414,tt0088512,\N,\N
tt8439646,tt0088512,\N,\N
tt8442846,tt0081857,37,217
tt8442848,tt0081857,37,218
tt8442850,tt0081857,37,219
tt8442852,tt0081857,37,220
tt8442854,tt0081857,37,221
tt8443678,tt0088512,\N,\N
tt8443682,tt0088512,\N,\N
tt8444384,tt0083448,\N,\N
tt8453216,tt0086750,\N,\N
tt8458168,tt0083452,35,14
tt8467316,tt0088512,\N,\N
tt8470678,tt0088512,\N,\N
tt8471040,tt0081857,37,289
tt8471044,tt0081857,37,223
tt8471046,tt0081857,37,224
tt8471050,tt0081857,37,225
tt8471052,tt0081857,37,226
tt8471054,tt0081857,37,227
tt8471060,tt0081857,37,228
tt8471062,tt0081857,37,234
tt8471066,tt0081857,37,240
tt8471068,tt0081857,37,246
tt8471072,tt0081857,37,252
tt8475658,tt0088512,\N,\N
tt8475660,tt0088512,\N,\N
tt8492052,tt0088621,1,5
tt8492136,tt0088621,1,6
tt8492202,tt0088621,1,8
tt8492278,tt0088621,1,9
tt8497864,tt0088621,2,5
tt8497866,tt0088621,2,6
tt8497870,tt0088621,2,3
tt8497872,tt0088621,2,2
tt8499654,tt0088512,\N,\N
tt8501022,tt0081857,37,253
tt8501024,tt0081857,37,229
tt8501026,tt0081857,37,230
tt8501028,tt0081857,37,231
tt8501030,tt0081857,37,232
tt8501032,tt0081857,37,233
tt8501044,tt0081857,37,290
tt8505938,tt0083451,4,13
tt8507340,tt0083448,\N,\N
tt8526554,tt0088512,\N,\N
tt8526560,tt0088512,\N,\N
tt8526566,tt0088512,\N,\N
tt8535572,tt0081857,37,235
tt8535576,tt0081857,37,236
tt8535578,tt0081857,37,237
tt8535580,tt0081857,37,238
tt8535582,tt0081857,37,239
tt8535590,tt0081857,37,241
tt8535950,tt0088512,\N,\N
tt8540844,tt0083448,\N,\N
tt8543036,tt0088512,\N,\N
tt8543058,tt0088512,\N,\N
tt8555484,tt0083489,\N,\N
tt8567058,tt0088512,\N,\N
tt8573968,tt0083448,\N,\N
tt8575146,tt0081857,37,242
tt8575148,tt0081857,37,243
tt8575150,tt0081857,37,244
tt8575152,tt0081857,37,245
tt8575154,tt0081857,37,291
tt8575360,tt0088512,\N,\N
tt8575362,tt0088512,\N,\N
tt8577328,tt0081875,1,25
tt8577330,tt0081875,1,26
tt8577332,tt0081875,1,27
tt8577336,tt0081875,1,28
tt8577338,tt0081875,1,29
tt8577340,tt0081875,1,30
tt8577344,tt0081875,1,31
tt8577350,tt0081875,1,32
tt8577354,tt0081875,1,33
tt8577356,tt0081875,1,34
tt8577358,tt0081875,1,35
tt8577360,tt0081875,1,36
tt8577364,tt0081875,1,37
tt8577366,tt0081875,1,38
tt8577368,tt0081875,1,39
tt8577372,tt0081875,1,40
tt8577374,tt0081875,1,41
tt8577378,tt0081875,1,42
tt8577382,tt0081875,1,43
tt8577384,tt0081875,1,44
tt8577386,tt0081875,1,45
tt8577390,tt0081875,1,46
tt8577394,tt0081875,1,47
tt8577396,tt0081875,1,48
tt8577398,tt0081875,1,49
tt8577400,tt0081875,1,50
tt8577402,tt0081875,1,51
tt8577406,tt0081875,1,52
tt8577408,tt0081875,1,53
tt8577412,tt0081875,1,54
tt8577418,tt0081875,1,55
tt8577420,tt0081875,1,56
tt8577422,tt0081875,1,57
tt8577426,tt0081875,1,58
tt8577428,tt0081875,1,59
tt8577430,tt0081875,1,60
tt8577434,tt0081875,1,8
tt8577436,tt0081875,1,9
tt8577438,tt0081875,1,10
tt8577444,tt0081875,1,11
tt8599050,tt0088512,\N,\N
tt8602974,tt0081857,37,247
tt8602976,tt0081857,37,248
tt8602978,tt0081857,37,249
tt8602982,tt0081857,37,250
tt8602984,tt0081857,37,251
tt8609434,tt0083448,\N,\N
tt8610420,tt0088512,\N,\N
tt8610424,tt0088512,\N,\N
tt8610428,tt0088512,\N,\N
tt8616966,tt0083452,10,11
tt8617040,tt0083452,9,15
tt8617116,tt0083452,5,6
tt8617630,tt0083452,4,13
tt8617722,tt0083452,5,1
tt8617776,tt0083452,5,19
tt8620126,tt0088486,21,1
tt8620128,tt0088486,21,2
tt8620132,tt0088486,21,3
tt8629126,tt0083452,9,3
tt8633858,tt0081857,37,258
tt8633860,tt0081857,37,264
tt8633862,tt0081857,37,270
tt8633864,tt0081857,37,276
tt8636928,tt0087305,1,1
tt8636960,tt0087305,1,227
tt8636964,tt0087305,1,2
tt8636966,tt0087305,1,3
tt8636970,tt0087305,1,4
tt8636972,tt0087305,1,5
tt8636974,tt0087305,1,7
tt8636976,tt0087305,1,6
tt8636978,tt0087305,1,8
tt8636980,tt0087305,1,9
tt8636982,tt0087305,1,10
tt8636984,tt0087305,1,11
tt8636986,tt0087305,1,12
tt8636988,tt0087305,1,13
tt8636990,tt0087305,1,14
tt8636992,tt0087305,1,15
tt8636994,tt0087305,1,16
tt8636998,tt0087305,1,17
tt8637000,tt0087305,1,18
tt8637004,tt0087305,1,19
tt8637006,tt0087305,1,20
tt8638622,tt0088512,\N,\N
tt8639404,tt0087305,1,21
tt8639406,tt0087305,1,22
tt8639408,tt0087305,1,23
tt8639410,tt0087305,1,24
tt8639412,tt0087305,1,25
tt8639416,tt0087305,1,26
tt8639418,tt0087305,1,27
tt8639420,tt0087305,1,28
tt8639422,tt0087305,1,29
tt8639426,tt0087305,1,30
tt8639430,tt0087305,1,31
tt8639432,tt0087305,1,32
tt8639438,tt0087305,1,33
tt8639440,tt0087305,1,34
tt8639442,tt0087305,1,35
tt8639448,tt0087305,1,36
tt8639452,tt0087305,1,37
tt8639454,tt0087305,1,38
tt8639456,tt0087305,1,39
tt8639458,tt0087305,1,40
tt8640082,tt0083452,5,12
tt8640220,tt0083452,7,5
tt8643420,tt0088512,\N,\N
tt8646010,tt0087305,1,41
tt8646012,tt0087305,1,42
tt8646014,tt0087305,1,43
tt8646016,tt0087305,1,45
tt8646018,tt0087305,1,44
tt8646020,tt0087305,1,47
tt8646022,tt0087305,1,46
tt8646024,tt0087305,1,48
tt8646026,tt0087305,1,49
tt8646028,tt0087305,1,50
tt8646030,tt0087305,1,51
tt8646032,tt0087305,1,52
tt8646034,tt0087305,1,53
tt8646036,tt0087305,1,54
tt8646038,tt0087305,1,56
tt8646040,tt0087305,1,55
tt8646042,tt0087305,1,57
tt8646044,tt0087305,1,58
tt8646046,tt0087305,1,59
tt8646048,tt0087305,1,60
tt8647086,tt0088550,\N,\N
tt8647104,tt0088550,\N,\N
tt8647118,tt0088550,\N,\N
tt8647208,tt0088550,\N,\N
tt8647438,tt0083448,\N,\N
tt8647580,tt0087305,1,61
tt8647582,tt0087305,1,62
tt8647584,tt0087305,1,63
tt8647586,tt0087305,1,64
tt8647588,tt0087305,1,65
tt8647590,tt0087305,1,66
tt8647594,tt0087305,1,67
tt8647596,tt0087305,1,68
tt8647598,tt0087305,1,69
tt8647600,tt0087305,1,70
tt8647604,tt0087305,1,71
tt8647606,tt0087305,1,72
tt8647608,tt0087305,1,73
tt8647610,tt0087305,1,74
tt8647612,tt0087305,1,75
tt8647614,tt0087305,1,76
tt8647616,tt0087305,1,77
tt8647618,tt0087305,1,78
tt8647626,tt0087305,1,79
tt8647628,tt0087305,1,80
tt8648800,tt0088512,\N,\N
tt8648808,tt0088512,\N,\N
tt8655358,tt0087305,1,81
tt8655360,tt0087305,1,82
tt8655362,tt0087305,1,83
tt8655368,tt0087305,1,84
tt8655374,tt0087305,1,85
tt8655376,tt0087305,1,86
tt8655378,tt0087305,1,88
tt8655380,tt0087305,1,87
tt8655382,tt0087305,1,89
tt8655388,tt0087305,1,90
tt8655390,tt0087305,1,91
tt8655392,tt0087305,1,92
tt8655394,tt0087305,1,93
tt8655396,tt0087305,1,95
tt8655398,tt0087305,1,94
tt8655402,tt0087305,1,96
tt8655404,tt0087305,1,97
tt8655406,tt0087305,1,98
tt8655408,tt0087305,1,99
tt8655412,tt0087305,1,100
tt8658820,tt0087305,1,116
tt8658832,tt0087305,1,112
tt8658836,tt0087305,1,118
tt8658968,tt0087305,1,106
tt8658986,tt0087305,1,119
tt8659000,tt0087305,1,107
tt8659042,tt0087305,1,115
tt8659078,tt0087305,1,108
tt8659080,tt0087305,1,113
tt8659106,tt0087305,1,120
tt8659140,tt0087305,1,117
tt8659158,tt0087305,1,109
tt8659164,tt0087305,1,105
tt8659172,tt0087305,1,104
tt8659182,tt0087305,1,110
tt8659192,tt0087305,1,103
tt8659226,tt0087305,1,102
tt8659232,tt0087305,1,114
tt8659260,tt0087305,1,111
tt8659278,tt0087305,1,101
tt8662888,tt0087305,1,121
tt8662892,tt0087305,1,122
tt8662896,tt0087305,1,123
tt8662898,tt0087305,1,124
tt8662900,tt0087305,1,125
tt8662902,tt0087305,1,126
tt8662904,tt0087305,1,127
tt8662906,tt0087305,1,128
tt8662908,tt0087305,1,129
tt8662910,tt0087305,1,130
tt8662914,tt0087305,1,131
tt8662916,tt0087305,1,132
tt8662918,tt0087305,1,133
tt8662920,tt0087305,1,134
tt8662922,tt0087305,1,135
tt8662924,tt0087305,1,136
tt8662926,tt0087305,1,137
tt8662928,tt0087305,1,138
tt8662930,tt0087305,1,139
tt8662932,tt0087305,1,140
tt8664828,tt0087305,1,141
tt8664832,tt0087305,1,142
tt8664836,tt0087305,1,143
tt8664838,tt0087305,1,144
tt8664840,tt0087305,1,145
tt8664842,tt0087305,1,146
tt8664844,tt0087305,1,147
tt8664846,tt0087305,1,148
tt8664850,tt0087305,1,149
tt8664852,tt0087305,1,150
tt8664854,tt0087305,1,151
tt8664860,tt0087305,1,152
tt8664862,tt0087305,1,153
tt8664864,tt0087305,1,154
tt8664866,tt0087305,1,155
tt8664870,tt0087305,1,156
tt8664872,tt0087305,1,157
tt8664876,tt0087305,1,158
tt8664878,tt0087305,1,159
tt8664880,tt0087305,1,160
tt8668924,tt0088512,\N,\N
tt8670304,tt0087305,1,161
tt8670306,tt0087305,1,162
tt8670308,tt0087305,1,163
tt8670310,tt0087305,1,164
tt8670314,tt0087305,1,165
tt8670316,tt0087305,1,166
tt8670318,tt0087305,1,167
tt8670320,tt0087305,1,168
tt8670322,tt0087305,1,169
tt8670324,tt0087305,1,170
tt8670326,tt0087305,1,171
tt8670328,tt0087305,1,172
tt8670330,tt0087305,1,173
tt8670334,tt0087305,1,174
tt8670336,tt0087305,1,175
tt8670338,tt0087305,1,176
tt8670340,tt0087305,1,177
tt8670342,tt0087305,1,178
tt8670344,tt0087305,1,179
tt8670346,tt0087305,1,180
tt8672746,tt0088512,\N,\N
tt8673048,tt0081857,37,292
tt8673052,tt0081857,37,259
tt8673054,tt0081857,37,260
tt8673056,tt0081857,37,261
tt8673058,tt0081857,37,262
tt8673060,tt0081857,37,263
tt8673062,tt0081857,37,293
tt8673706,tt0087305,1,181
tt8673708,tt0087305,1,182
tt8673710,tt0087305,1,183
tt8673712,tt0087305,1,184
tt8673714,tt0087305,1,185
tt8673716,tt0087305,1,186
tt8673718,tt0087305,1,187
tt8673720,tt0087305,1,188
tt8673722,tt0087305,1,189
tt8673724,tt0087305,1,190
tt8673726,tt0087305,1,191
tt8673728,tt0087305,1,192
tt8673730,tt0087305,1,193
tt8673732,tt0087305,1,194
tt8673736,tt0087305,1,195
tt8673738,tt0087305,1,196
tt8673740,tt0087305,1,197
tt8673746,tt0087305,1,198
tt8673748,tt0087305,1,199
tt8673750,tt0087305,1,200
tt8675412,tt0083504,3,13
tt8676962,tt0088512,\N,\N
tt8676966,tt0088512,\N,\N
tt8677206,tt0083448,\N,\N
tt8678390,tt0087305,1,201
tt8678392,tt0087305,1,202
tt8678394,tt0087305,1,204
tt8678396,tt0087305,1,203
tt8678398,tt0087305,1,205
tt8678400,tt0087305,1,206
tt8678402,tt0087305,1,207
tt8678404,tt0087305,1,208
tt8678408,tt0087305,1,209
tt8678410,tt0087305,1,210
tt8678412,tt0087305,1,211
tt8678414,tt0087305,1,212
tt8678416,tt0087305,1,213
tt8678418,tt0087305,1,214
tt8678422,tt0087305,1,215
tt8678424,tt0087305,1,216
tt8678426,tt0087305,1,217
tt8678428,tt0087305,1,218
tt8678434,tt0087305,1,219
tt8678436,tt0087305,1,220
tt8678438,tt0087305,1,221
tt8678440,tt0087305,1,222
tt8678442,tt0087305,1,223
tt8678444,tt0087305,1,224
tt8678446,tt0087305,1,225
tt8678448,tt0087305,1,226
tt8684912,tt0085049,\N,\N
tt8694872,tt0088554,1,1679
tt8694880,tt0088554,1,1680
tt8694884,tt0088554,1,1681
tt8698316,tt0088512,\N,\N
tt8698770,tt0088598,\N,\N
tt8700234,tt0081857,37,265
tt8700240,tt0081857,37,266
tt8700242,tt0081857,37,267
tt8700248,tt0081857,37,268
tt8700250,tt0081857,37,269
tt8700254,tt0081857,37,271
tt8702798,tt0088512,\N,\N
tt8705258,tt0088486,21,4
tt8706150,tt0083448,\N,\N
tt8706288,tt0086811,3,183
tt8706290,tt0086811,3,184
tt8706294,tt0086811,3,185
tt8706296,tt0086811,3,186
tt8706300,tt0086811,3,187
tt8706308,tt0086811,3,188
tt8706314,tt0086811,3,189
tt8706348,tt0086811,3,190
tt8706350,tt0086811,3,191
tt8706354,tt0086811,3,194
tt8706630,tt0088512,\N,\N
tt8706632,tt0088512,\N,\N
tt8708254,tt0080301,\N,\N
tt8718002,tt0082201,1,14
tt8718248,tt0082201,1,15
tt8718256,tt0082201,1,16
tt8718272,tt0082201,1,17
tt8718290,tt0082201,1,18
tt8718292,tt0086811,3,211
tt8718296,tt0086811,3,212
tt8718302,tt0086811,3,213
tt8718306,tt0086811,3,214
tt8718308,tt0086811,5,112
tt8718322,tt0086811,3,215
tt8718324,tt0086811,3,216
tt8718328,tt0086811,3,217
tt8718332,tt0086811,3,218
tt8718334,tt0086811,3,219
tt8718340,tt0086811,3,220
tt8718344,tt0086811,5,113
tt8718346,tt0086811,5,114
tt8718352,tt0086811,5,115
tt8718356,tt0086811,5,116
tt8718584,tt0082201,1,39
tt8727610,tt0082201,1,44
tt8728652,tt0088512,\N,\N
tt8728666,tt0082201,1,45
tt8732260,tt0082201,1,49
tt8732298,tt0086811,4,1
tt8732304,tt0086811,4,2
tt8732310,tt0086811,4,3
tt8732314,tt0086811,4,4
tt8732318,tt0086811,4,5
tt8732354,tt0086811,4,26
tt8732358,tt0086811,4,27
tt8732360,tt0086811,4,28
tt8732366,tt0086811,4,29
tt8732374,tt0086811,4,30
tt8732376,tt0086811,4,31
tt8732378,tt0086811,4,32
tt8732380,tt0086811,4,33
tt8732382,tt0086811,4,34
tt8732386,tt0086811,4,35
tt8732800,tt0086811,3,47
tt8732804,tt0086811,3,48
tt8732806,tt0086811,3,49
tt8732808,tt0086811,3,50
tt8733036,tt0088512,\N,\N
tt8735234,tt0081857,37,272
tt8735236,tt0081857,37,274
tt8735238,tt0081857,37,273
tt8735240,tt0081857,37,275
tt8735242,tt0081857,38,7
tt8735244,tt0081857,37,277
tt8735248,tt0081857,37,278
tt8736904,tt0086811,5,57
tt8736906,tt0086811,5,58
tt8736908,tt0086811,5,59
tt8736914,tt0086811,5,60
tt8736920,tt0086811,5,61
tt8736922,tt0086811,5,62
tt8736924,tt0086811,5,63
tt8736928,tt0086811,5,64
tt8736930,tt0086811,5,65
tt8737092,tt0088512,\N,\N
tt8737094,tt0088512,\N,\N
tt8737534,tt0083448,\N,\N
tt8740768,tt0086811,5,16
tt8740770,tt0086811,5,17
tt8740776,tt0086811,5,18
tt8740820,tt0086811,5,19
tt8740834,tt0086811,5,20
tt8740900,tt0086811,5,21
tt8740926,tt0086811,5,22
tt8740944,tt0086811,5,23
tt8740952,tt0086811,5,24
tt8740954,tt0086811,5,25
tt8740986,tt0086811,5,26
tt8740990,tt0086811,5,27
tt8741006,tt0086811,5,28
tt8741010,tt0086811,5,29
tt8741016,tt0086811,5,30
tt8741176,tt0086811,5,41
tt8741180,tt0086811,5,42
tt8741184,tt0086811,5,43
tt8741194,tt0086811,5,44
tt8741204,tt0086811,5,45
tt8741232,tt0086811,5,46
tt8741242,tt0086811,5,47
tt8741246,tt0086811,5,48
tt8741254,tt0086811,5,49
tt8741258,tt0086811,5,50
tt8742516,tt0086811,5,51
tt8742518,tt0086811,5,52
tt8742520,tt0086811,5,53
tt8742524,tt0086811,5,54
tt8742526,tt0086811,5,55
tt8742682,tt0086811,5,85
tt8742696,tt0086811,5,86
tt8742700,tt0086811,5,87
tt8742702,tt0086811,5,88
tt8742704,tt0086811,5,89
tt8742720,tt0086811,5,95
tt8742726,tt0086811,5,96
tt8742728,tt0086811,5,97
tt8742734,tt0086811,5,98
tt8742742,tt0086811,5,99
tt8742812,tt0086811,3,192
tt8742818,tt0086811,3,196
tt8742820,tt0086811,3,197
tt8742824,tt0086811,3,198
tt8742826,tt0086811,3,199
tt8742830,tt0086811,3,200
tt8742838,tt0086811,3,201
tt8742840,tt0086811,3,202
tt8742844,tt0086811,3,203
tt8742846,tt0086811,3,204
tt8742848,tt0086811,3,205
tt8743192,tt0088486,21,5
tt8743194,tt0088486,21,6
tt8746412,tt0086811,3,80
tt8746416,tt0086811,3,81
tt8746420,tt0086811,3,82
tt8747246,tt0086811,3,130
tt8747250,tt0086811,3,131
tt8747252,tt0086811,3,132
tt8747320,tt0086811,3,78
tt8747322,tt0086811,3,79
tt8757392,tt0086811,3,138
tt8757394,tt0086811,3,139
tt8757396,tt0086811,3,140
tt8757400,tt0086811,3,141
tt8757402,tt0086811,3,142
tt8757462,tt0086811,3,62
tt8757466,tt0086811,3,63
tt8757478,tt0086811,3,64
tt8757520,tt0086811,3,72
tt8757540,tt0086811,3,88
tt8757542,tt0086811,3,89
tt8757544,tt0086811,3,90
tt8757546,tt0086811,3,91
tt8757548,tt0086811,3,92
tt8757562,tt0086811,3,7
tt8757564,tt0086811,3,8
tt8757566,tt0086811,3,9
tt8757568,tt0086811,3,10
tt8757600,tt0086811,4,36
tt8757602,tt0086811,4,37
tt8757606,tt0086811,4,38
tt8757614,tt0086811,4,39
tt8757616,tt0086811,4,40
tt8757634,tt0086811,4,51
tt8757640,tt0086811,4,52
tt8757644,tt0086811,4,53
tt8757646,tt0086811,4,54
tt8757652,tt0086811,4,55
tt8757654,tt0086811,4,56
tt8757656,tt0086811,4,57
tt8757660,tt0086811,4,58
tt8757662,tt0086811,4,59
tt8758230,tt0088554,1,1682
tt8758238,tt0088554,1,1683
tt8758260,tt0088554,1,1684
tt8758274,tt0088554,1,1685
tt8758300,tt0088554,1,1686
tt8761340,tt0088512,\N,\N
tt8763932,tt0081857,37,282
tt8763934,tt0081857,37,288
tt8763936,tt0081857,37,294
tt8763938,tt0081857,37,300
tt8763952,tt0081857,37,279
tt8763954,tt0081857,37,280
tt8763956,tt0081857,37,281
tt8764290,tt0086811,3,36
tt8764292,tt0086811,3,37
tt8764296,tt0086811,3,38
tt8764302,tt0086811,3,39
tt8764304,tt0086811,3,40
tt8764314,tt0086811,3,41
tt8764316,tt0086811,3,42
tt8764318,tt0086811,3,43
tt8764320,tt0086811,3,44
tt8764322,tt0086811,3,45
tt8764568,tt0086811,3,128
tt8764570,tt0086811,3,129
tt8764574,tt0086811,3,174
tt8764576,tt0086811,3,175
tt8764578,tt0086811,3,176
tt8764580,tt0086811,3,177
tt8764584,tt0086811,3,179
tt8764592,tt0086811,3,180
tt8764594,tt0086811,3,181
tt8764598,tt0086811,3,182
tt8765112,tt0088512,\N,\N
tt8767956,tt0083448,\N,\N
tt8769120,tt0088512,\N,\N
tt8769126,tt0088512,\N,\N
tt8769278,tt0086811,3,231
tt8769280,tt0086811,3,232
tt8769284,tt0086811,3,234
tt8769286,tt0086811,3,233
tt8769288,tt0086811,3,235
tt8773266,tt0086811,3,70
tt8773268,tt0086811,3,71
tt8777280,tt0086811,3,193
tt8777284,tt0086811,3,195
tt8783414,tt0086811,4,124
tt8783416,tt0086811,4,125
tt8783422,tt0086811,4,126
tt8783428,tt0086811,4,127
tt8783434,tt0086811,4,128
tt8783436,tt0086811,4,129
tt8783440,tt0086811,4,130
tt8783444,tt0086811,4,131
tt8783450,tt0086811,4,132
tt8783484,tt0086811,4,144
tt8783500,tt0086811,4,145
tt8783502,tt0086811,4,146
tt8783506,tt0086811,4,147
tt8784674,tt0086811,4,47
tt8784678,tt0086811,4,48
tt8784680,tt0086811,4,49
tt8784684,tt0086811,4,65
tt8784690,tt0086811,4,66
tt8784694,tt0086811,4,67
tt8784696,tt0086811,4,68
tt8784702,tt0086811,4,70
tt8784704,tt0086811,4,71
tt8784706,tt0086811,4,72
tt8784748,tt0086811,4,98
tt8784750,tt0086811,4,99
tt8784756,tt0086811,4,100
tt8784760,tt0086811,4,101
tt8784764,tt0086811,4,102
tt8784774,tt0086811,4,103
tt8784776,tt0086811,4,104
tt8784780,tt0086811,4,105
tt8784786,tt0086811,4,106
tt8784788,tt0086811,4,107
tt8784878,tt0086811,4,173
tt8784886,tt0086811,4,174
tt8784888,tt0086811,4,175
tt8784890,tt0086811,4,176
tt8784892,tt0086811,4,177
tt8784898,tt0086811,4,179
tt8784904,tt0086811,4,180
tt8784908,tt0086811,4,181
tt8784920,tt0086811,4,182
tt8784938,tt0086811,4,183
tt8784942,tt0086811,4,184
tt8784944,tt0086811,4,185
tt8784948,tt0086811,4,186
tt8784952,tt0086811,4,187
tt8785066,tt0088554,1,1687
tt8790338,tt0086815,22,16
tt8790366,tt0086815,22,1
tt8790378,tt0086815,22,4
tt8791948,tt0086811,4,22
tt8791950,tt0086811,4,23
tt8791956,tt0086811,4,24
tt8791960,tt0086811,4,25
tt8791980,tt0086811,4,64
tt8792584,tt0086811,4,154
tt8792590,tt0086811,4,155
tt8792626,tt0086811,4,156
tt8792628,tt0086811,4,157
tt8792638,tt0086811,4,158
tt8792642,tt0086811,4,159
tt8792654,tt0086811,4,160
tt8792662,tt0086811,4,161
tt8792664,tt0086811,4,162
tt8792674,tt0086811,4,163
tt8792682,tt0086811,4,164
tt8792684,tt0086811,4,165
tt8792696,tt0086811,4,166
tt8792732,tt0086811,4,167
tt8793224,tt0086811,4,193
tt8793226,tt0086811,4,194
tt8793230,tt0086811,4,195
tt8793236,tt0086811,4,196
tt8793238,tt0086811,4,197
tt8793298,tt0086811,4,198
tt8793304,tt0086811,4,199
tt8793314,tt0086811,4,200
tt8793316,tt0086811,4,201
tt8793322,tt0086811,4,202
tt8793380,tt0086811,4,203
tt8793388,tt0086811,4,204
tt8793390,tt0086811,4,205
tt8793392,tt0086811,4,206
tt8793400,tt0086811,4,208
tt8793870,tt0081857,38,8
tt8793872,tt0081857,37,283
tt8793874,tt0081857,37,285
tt8793876,tt0081857,37,284
tt8793878,tt0081857,37,286
tt8793880,tt0081857,37,287
tt8795058,tt0088512,\N,\N
tt8796498,tt0086811,4,209
tt8796502,tt0086811,4,210
tt8796504,tt0086811,4,211
tt8796518,tt0086811,4,212
tt8796522,tt0086811,4,213
tt8796540,tt0086811,4,214
tt8796572,tt0086811,4,215
tt8796574,tt0086811,4,216
tt8796600,tt0086811,4,227
tt8796604,tt0086811,4,228
tt8796606,tt0086811,4,229
tt8796612,tt0086811,4,230
tt8796614,tt0086811,4,231
tt8796970,tt0086811,4,246
tt8796976,tt0086811,4,247
tt8796978,tt0086811,4,248
tt8796980,tt0086811,4,249
tt8796988,tt0086811,4,250
tt8797486,tt0086811,4,140
tt8797494,tt0086811,4,252
tt8797498,tt0086811,4,253
tt8797500,tt0086811,4,254
tt8797502,tt0086811,4,255
tt8797574,tt0086811,4,256
tt8797580,tt0086811,4,257
tt8797584,tt0086811,4,258
tt8797590,tt0086811,4,259
tt8797592,tt0086811,4,260
tt8797630,tt0088512,\N,\N
tt8797698,tt0086811,5,78
tt8797704,tt0086811,5,91
tt8797706,tt0086811,5,92
tt8797710,tt0086811,5,93
tt8797712,tt0086811,5,94
tt8797714,tt0086811,5,100
tt8797720,tt0086811,5,101
tt8797722,tt0086811,5,102
tt8797724,tt0086811,5,103
tt8797728,tt0086811,5,104
tt8797730,tt0086811,5,105
tt8797736,tt0086811,5,107
tt8797738,tt0086811,5,108
tt8797744,tt0086811,5,109
tt8797746,tt0086811,5,110
tt8797748,tt0086811,5,111
tt8800532,tt0083448,\N,\N
tt8801248,tt0088512,\N,\N
tt8801250,tt0088512,\N,\N
tt8801616,tt0088554,1,1688
tt8804356,tt0086815,22,11
tt8804632,tt0086815,22,3
tt8805086,tt0086815,22,2
tt8805092,tt0086815,22,10
tt8805100,tt0086815,22,23
tt8805104,tt0086815,22,17
tt8805112,tt0086815,22,20
tt8805126,tt0086815,22,5
tt8805872,tt0086811,2,118
tt8805874,tt0086811,2,120
tt8805876,tt0086811,2,121
tt8805880,tt0086811,2,122
tt8806260,tt0086811,5,117
tt8806288,tt0086811,5,119
tt8806290,tt0086811,5,120
tt8806294,tt0086811,5,121
tt8806296,tt0086811,5,122
tt8806300,tt0086811,5,124
tt8806304,tt0086811,5,125
tt8806306,tt0086811,5,126
tt8811908,tt0088486,21,7
tt8812942,tt0088512,\N,\N
tt8815582,tt0086811,2,115
tt8815586,tt0086811,2,117
tt8815888,tt0086811,2,66
tt8815890,tt0086811,2,67
tt8815894,tt0086811,2,68
tt8815896,tt0086811,2,69
tt8815908,tt0086811,2,100
tt8815910,tt0086811,2,101
tt8815914,tt0086811,2,102
tt8815916,tt0086811,2,103
tt8816400,tt0086811,2,195
tt8816402,tt0086811,2,196
tt8816404,tt0086811,2,197
tt8816414,tt0086811,2,180
tt8816416,tt0086811,2,181
tt8816418,tt0086811,2,182
tt8816424,tt0086811,2,169
tt8816430,tt0086811,2,170
tt8816432,tt0086811,2,171
tt8816436,tt0086811,2,172
tt8816440,tt0086811,2,165
tt8816442,tt0086811,2,166
tt8816446,tt0086811,2,167
tt8816456,tt0086811,2,150
tt8816458,tt0086811,2,151
tt8816460,tt0086811,2,152
tt8819604,tt0086815,22,6
tt8820138,tt0086815,22,22
tt8820838,tt0086811,2,256
tt8824664,tt0086811,2,179
tt8824682,tt0086811,2,253
tt8824688,tt0086811,2,254
tt8825562,tt0086811,2,164
tt8826080,tt0086815,22,18
tt8826468,tt0088512,\N,\N
tt8826658,tt0081857,\N,\N
tt8827168,tt0086811,2,194
tt8830138,tt0086811,1,72
tt8830144,tt0086811,1,73
tt8830150,tt0086811,1,74
tt8830950,tt0086811,1,50
tt8830984,tt0086811,1,52
tt8830986,tt0086811,1,53
tt8830988,tt0086811,1,54
tt8830990,tt0086811,1,55
tt8831016,tt0086811,1,66
tt8831020,tt0086811,1,67
tt8831022,tt0086811,1,68
tt8831028,tt0086811,1,69
tt8831034,tt0086811,1,70
tt8831274,tt0088512,\N,\N
tt8831278,tt0086811,2,240
tt8831280,tt0086811,2,241
tt8832006,tt0085064,1,12
tt8832378,tt0085064,2,1
tt8834502,tt0083448,\N,\N
tt8834674,tt0086811,1,110
tt8834692,tt0086811,1,111
tt8834694,tt0086811,1,112
tt8834696,tt0086811,1,113
tt8834698,tt0086811,1,125
tt8834704,tt0086811,1,126
tt8834708,tt0086811,1,127
tt8834710,tt0086811,1,128
tt8834730,tt0086811,1,155
tt8834738,tt0086811,1,156
tt8834740,tt0086811,1,157
tt8834742,tt0086811,1,158
tt8834754,tt0086811,1,165
tt8834756,tt0086811,1,166
tt8834758,tt0086811,1,167
tt8834762,tt0086811,1,168
tt8834774,tt0086811,1,180
tt8834776,tt0086811,1,181
tt8834778,tt0086811,1,182
tt8834782,tt0086811,1,183
tt8834886,tt0086811,1,190
tt8834892,tt0086811,1,191
tt8834896,tt0086811,1,192
tt8834900,tt0086811,1,193
tt8835002,tt0086811,2,233
tt8835124,tt0086811,2,228
tt8835126,tt0086811,2,229
tt8835128,tt0086811,2,230
tt8835130,tt0086811,2,231
tt8836022,tt0088512,\N,\N
tt8836028,tt0088512,\N,\N
tt8836048,tt0086811,2,238
tt8836052,tt0086811,2,239
tt8839172,tt0086811,2,7
tt8839174,tt0086811,2,8
tt8839176,tt0086811,2,9
tt8839178,tt0086811,2,10
tt8839194,tt0086811,2,23
tt8839196,tt0086811,2,24
tt8839204,tt0086811,2,25
tt8841460,tt0086811,2,149
tt8842016,tt0088486,21,8
tt8845222,tt0086811,1,189
tt8845230,tt0086811,1,124
tt8845330,tt0086811,1,164
tt8849294,tt0086811,1,179
tt8857978,tt0081857,38,9
tt8857984,tt0081857,37,295
tt8857986,tt0081857,37,296
tt8857990,tt0081857,37,297
tt8857992,tt0081857,37,298
tt8857994,tt0081857,37,299
tt8862372,tt0088512,\N,\N
tt8866412,tt0088512,\N,\N
tt8870250,tt0086811,1,154
tt8870588,tt0088512,\N,\N
tt8870590,tt0088512,\N,\N
tt8894196,tt0088512,\N,\N
tt8896222,tt0086815,22,21
tt8897712,tt0081857,37,306
tt8897714,tt0081857,37,312
tt8897716,tt0081857,38,6
tt8897718,tt0081857,38,12
tt8897720,tt0081857,38,18
tt8897740,tt0081857,38,10
tt8897742,tt0081857,37,301
tt8897744,tt0081857,37,302
tt8897746,tt0081857,37,303
tt8897748,tt0081857,37,304
tt8897750,tt0081857,37,305
tt8898074,tt0088512,\N,\N
tt8902872,tt0088512,\N,\N
tt8902876,tt0088512,\N,\N
tt8906788,tt0083448,\N,\N
tt8906798,tt0083448,\N,\N
tt8917572,tt0086815,22,7
tt8918996,tt0086815,22,8
tt8922866,tt0086815,22,9
tt8923862,tt0081857,38,46
tt8923864,tt0081857,37,307
tt8923866,tt0081857,37,308
tt8923868,tt0081857,37,309
tt8923870,tt0081857,37,310
tt8923872,tt0081857,37,311
tt8929422,tt0088512,\N,\N
tt8931010,tt0083397,1,44
tt8931190,tt0083397,1,66
tt8931256,tt0083397,1,67
tt8931304,tt0083397,1,68
tt8931596,tt0083397,1,101
tt8931614,tt0083397,1,103
tt8931644,tt0083397,1,104
tt8931656,tt0083397,1,105
tt8931716,tt0083397,1,106
tt8931976,tt0083397,1,107
tt8932012,tt0083397,1,125
tt8932632,tt0083397,1,2
tt8932648,tt0083397,1,4
tt8932656,tt0083397,1,5
tt8933460,tt0088512,\N,\N
tt8934656,tt0083448,\N,\N
tt8938570,tt0088512,\N,\N
tt8938576,tt0088512,\N,\N
tt8946912,tt0080291,\N,\N
tt8948684,tt0082201,1,151
tt8948694,tt0082201,1,152
tt8948756,tt0082201,1,153
tt8948766,tt0082201,1,154
tt8948776,tt0082201,1,155
tt8948782,tt0082201,1,156
tt8951074,tt0083504,9,25
tt8955072,tt0086815,22,12
tt8955080,tt0086815,22,13
tt8956478,tt0086815,22,14
tt8956494,tt0086815,22,15
tt8963172,tt0088512,\N,\N
tt8967786,tt0088736,1,1
tt8968134,tt0088512,\N,\N
tt8968136,tt0081857,38,47
tt8968138,tt0081857,38,1
tt8968140,tt0081857,38,2
tt8968142,tt0081857,38,3
tt8968144,tt0081857,38,4
tt8968146,tt0081857,38,5
tt8970414,tt0083451,5,12
tt8970512,tt0083448,\N,\N
tt8971590,tt0088512,\N,\N
tt8971596,tt0088512,\N,\N
tt9001600,tt0088512,\N,\N
tt9005730,tt0088512,\N,\N
tt9010660,tt0088512,\N,\N
tt9010664,tt0088512,\N,\N
tt9024868,tt0088565,1,2
tt9024870,tt0088565,1,3
tt9024872,tt0088565,1,4
tt9024876,tt0088565,1,5
tt9024878,tt0088565,1,6
tt9024880,tt0088565,1,7
tt9024882,tt0088565,1,8
tt9024884,tt0088565,1,9
tt9024886,tt0088565,1,10
tt9024888,tt0088565,1,11
tt9024890,tt0088565,1,12
tt9024894,tt0088565,1,13
tt9024896,tt0088565,2,1
tt9024900,tt0088565,2,2
tt9024906,tt0088565,2,3
tt9024908,tt0088565,2,4
tt9024918,tt0088565,2,5
tt9024922,tt0088565,2,6
tt9024924,tt0088565,3,1
tt9024930,tt0088565,3,2
tt9024932,tt0088565,3,3
tt9024934,tt0088565,3,4
tt9024944,tt0088565,3,5
tt9024948,tt0088565,3,6
tt9024950,tt0088565,3,7
tt9024954,tt0088565,3,8
tt9024956,tt0088565,3,9
tt9024958,tt0088565,3,10
tt9027710,tt0086815,22,26
tt9028140,tt0083448,\N,\N
tt9030410,tt0081857,38,11
tt9030412,tt0081857,38,67
tt9030414,tt0081857,38,14
tt9030416,tt0081857,38,13
tt9030422,tt0081857,38,15
tt9030424,tt0081857,38,16
tt9030426,tt0081857,38,17
tt9033526,tt0088512,\N,\N
tt9035158,tt0088554,1,1689
tt9035182,tt0088554,1,1690
tt9036720,tt0088512,\N,\N
tt9036982,tt0082201,1,74
tt9039492,tt0088512,\N,\N
tt9039498,tt0088512,\N,\N
tt9041518,tt0086815,22,19
tt9041728,tt0083448,\N,\N
tt9049740,tt0086815,22,24
tt9051686,tt0086815,22,25
tt9053294,tt0088598,\N,\N
tt9060236,tt0088512,\N,\N
tt9060610,tt0083504,12,56
tt9062860,tt0088512,\N,\N
tt9065338,tt0088512,\N,\N
tt9065340,tt0088512,\N,\N
tt9065394,tt0081857,38,30
tt9065396,tt0081857,38,24
tt9065398,tt0081857,38,36
tt9065400,tt0081857,38,42
tt9065408,tt0081857,38,19
tt9065410,tt0081857,38,20
tt9065412,tt0081857,38,21
tt9065414,tt0081857,38,22
tt9065416,tt0081857,38,23
tt9070228,tt0083448,\N,\N
tt9072426,tt0085093,\N,\N
tt9084914,tt0083380,2,42
tt9085142,tt0088512,\N,\N
tt9088606,tt0081857,38,68
tt9088610,tt0081857,38,25
tt9088612,tt0081857,38,26
tt9088614,tt0081857,38,27
tt9088618,tt0081857,38,28
tt9088620,tt0081857,38,29
tt9089590,tt0088512,\N,\N
tt9089976,tt0088554,1,1691
tt9089978,tt0088554,1,1692
tt9093734,tt0088512,\N,\N
tt9093738,tt0088512,\N,\N
tt9093842,tt0083448,\N,\N
tt9121284,tt0081857,38,32
tt9121286,tt0081857,38,31
tt9121288,tt0081857,38,33
tt9121292,tt0081857,38,34
tt9121296,tt0081857,38,35
tt9121318,tt0088512,\N,\N
tt9124612,tt0088554,1,1693
tt9124616,tt0088554,1,1694
tt9124632,tt0088554,1,1695
tt9124640,tt0088554,1,1696
tt9124658,tt0088554,1,1697
tt9124692,tt0088554,1,1698
tt9125544,tt0082201,1,88
tt9125836,tt0088512,\N,\N
tt9130264,tt0088512,\N,\N
tt9130268,tt0088512,\N,\N
tt9136246,tt0081860,38,1
tt9136260,tt0081860,38,2
tt9136262,tt0081860,38,3
tt9136264,tt0081860,38,4
tt9154182,tt0085049,1,2153
tt9154286,tt0085049,1,2154
tt9154360,tt0085049,1,2155
tt9154420,tt0085049,1,2156
tt9154452,tt0085049,1,2157
tt9154476,tt0085049,1,2158
tt9154982,tt0085049,1,2159
tt9154996,tt0085049,1,2160
tt9155008,tt0085049,1,2161
tt9155014,tt0085049,1,2162
tt9155020,tt0085049,1,2163
tt9155022,tt0085049,1,2164
tt9155026,tt0085049,1,2165
tt9155028,tt0085049,1,2166
tt9155032,tt0085049,1,2167
tt9155034,tt0085049,1,2168
tt9155038,tt0085049,1,2169
tt9155042,tt0085049,1,2170
tt9155044,tt0085049,1,2171
tt9155050,tt0085049,1,2172
tt9155052,tt0085049,1,2174
tt9155550,tt0088512,\N,\N
tt9156238,tt0085049,1,2133
tt9156240,tt0085049,1,2137
tt9156246,tt0085049,1,2151
tt9157036,tt0081857,38,69
tt9157050,tt0081857,38,37
tt9157054,tt0081857,38,38
tt9157056,tt0081857,38,39
tt9157062,tt0081857,38,40
tt9157066,tt0081857,38,41
tt9159984,tt0088512,\N,\N
tt9161412,tt0085049,1,2175
tt9161424,tt0085049,1,2176
tt9161428,tt0085049,1,2177
tt9162112,tt0085049,1,2178
tt9162116,tt0085049,1,2179
tt9162118,tt0085049,1,2180
tt9162120,tt0085049,1,2181
tt9162128,tt0085049,1,2182
tt9162132,tt0085049,1,2183
tt9162134,tt0085049,1,2184
tt9162142,tt0085049,1,2185
tt9162152,tt0085049,1,2186
tt9162166,tt0085049,1,2187
tt9162176,tt0085049,1,2188
tt9162188,tt0085049,1,2189
tt9162190,tt0085049,1,2190
tt9162194,tt0085049,1,2191
tt9162196,tt0085049,1,2192
tt9162200,tt0085049,1,2193
tt9162206,tt0085049,1,2194
tt9162208,tt0085049,1,2195
tt9164678,tt0088512,\N,\N
tt9164694,tt0088512,\N,\N
tt9165360,tt0083448,\N,\N
tt9178802,tt0083452,37,1
tt9189454,tt0088512,\N,\N
tt9191278,tt0085049,1,2196
tt9191280,tt0085049,1,2197
tt9191284,tt0085049,1,2198
tt9191292,tt0085049,1,2199
tt9191294,tt0085049,1,2200
tt9191296,tt0085049,1,2201
tt9191298,tt0085049,1,2202
tt9191300,tt0085049,1,2203
tt9191302,tt0085049,1,2204
tt9191304,tt0085049,1,2205
tt9191308,tt0085049,1,2206
tt9191310,tt0085049,1,2207
tt9191378,tt0085049,1,2208
tt9191384,tt0085049,1,2209
tt9191388,tt0085049,1,2210
tt9191394,tt0085049,1,2211
tt9191398,tt0085049,1,2212
tt9191400,tt0085049,1,2213
tt9191402,tt0085049,1,2214
tt9191404,tt0085049,1,2215
tt9191408,tt0085049,1,2216
tt9191412,tt0085049,1,2217
tt9193414,tt0081857,38,48
tt9193416,tt0081857,38,54
tt9193418,tt0081857,38,60
tt9193420,tt0081857,38,66
tt9193458,tt0081857,38,70
tt9193460,tt0081857,38,43
tt9193462,tt0081857,38,44
tt9193464,tt0081857,38,45
tt9193514,tt0088512,\N,\N
tt9198316,tt0088512,\N,\N
tt9198320,tt0088512,\N,\N
tt9201834,tt0083397,1,768
tt9202760,tt0086744,9,6
tt9202780,tt0086744,4,9
tt9206872,tt0083452,37,5
tt9211290,tt0088621,18,5
tt9211354,tt0088621,3,2
tt9211362,tt0088621,3,3
tt9211402,tt0088621,3,5
tt9211404,tt0088621,3,6
tt9211450,tt0088621,4,2
tt9211454,tt0088621,4,3
tt9211460,tt0088621,4,5
tt9211462,tt0088621,4,6
tt9213402,tt0083452,37,2
tt9214672,tt0083448,\N,\N
tt9214676,tt0083448,\N,\N
tt9216894,tt0088621,5,2
tt9216896,tt0088621,5,3
tt9216902,tt0088621,5,6
tt9216904,tt0088621,5,7
tt9222588,tt0086790,1,2
tt9222604,tt0086790,1,4
tt9222608,tt0086790,1,5
tt9222614,tt0086790,1,6
tt9222618,tt0086790,1,7
tt9222620,tt0086790,1,8
tt9222622,tt0086790,1,9
tt9222626,tt0086790,1,10
tt9222634,tt0086790,1,17
tt9222644,tt0086790,1,18
tt9225690,tt0082201,1,157
tt9225692,tt0082201,1,158
tt9225694,tt0082201,1,159
tt9225696,tt0082201,1,160
tt9225698,tt0082201,1,161
tt9225702,tt0082201,1,162
tt9227168,tt0081857,38,71
tt9227170,tt0081857,38,49
tt9227172,tt0081857,38,50
tt9227174,tt0081857,38,51
tt9227176,tt0081857,38,52
tt9227178,tt0081857,38,53
tt9227568,tt0088512,\N,\N
tt9227600,tt0088512,\N,\N
tt9229316,tt0082201,1,163
tt9229324,tt0082201,1,164
tt9229338,tt0082201,1,165
tt9229346,tt0082201,1,166
tt9229364,tt0082201,1,167
tt9229376,tt0082201,1,168
tt9230712,tt0088512,\N,\N
tt9232708,tt0083448,\N,\N
tt9235694,tt0088621,6,2
tt9235696,tt0088621,6,3
tt9235736,tt0088621,6,5
tt9235744,tt0088621,6,6
tt9235792,tt0088621,7,3
tt9235796,tt0088621,7,4
tt9235800,tt0088621,7,6
tt9235802,tt0088621,7,7
tt9235884,tt0088621,8,2
tt9235886,tt0088621,8,3
tt9235890,tt0088621,8,5
tt9235892,tt0088621,8,6
tt9235960,tt0088621,9,2
tt9235966,tt0088621,9,5
tt9235968,tt0088621,9,6
tt9235972,tt0088621,9,8
tt9235974,tt0088621,9,9
tt9238706,tt0085049,1,2218
tt9238710,tt0085049,1,2219
tt9238712,tt0085049,1,2220
tt9238730,tt0085049,1,2222
tt9238732,tt0085049,1,2223
tt9238736,tt0085049,1,2224
tt9238748,tt0085049,1,2225
tt9238750,tt0085049,1,2226
tt9238756,tt0085049,1,2227
tt9238758,tt0085049,1,2228
tt9238764,tt0085049,1,2229
tt9238770,tt0085049,1,2230
tt9238780,tt0085049,1,2231
tt9238784,tt0085049,1,2232
tt9238796,tt0085049,1,2233
tt9238800,tt0085049,1,2234
tt9238804,tt0085049,1,2235
tt9238806,tt0085049,1,2236
tt9238810,tt0085049,1,2237
tt9238812,tt0085049,1,2221
tt9239622,tt0088621,10,7
tt9239624,tt0088621,10,6
tt9239628,tt0088621,10,2
tt9239630,tt0088621,10,3
tt9239638,tt0088621,11,2
tt9239640,tt0088621,11,4
tt9239642,tt0088621,11,5
tt9239656,tt0088621,12,2
tt9239658,tt0088621,12,3
tt9239660,tt0088621,12,5
tt9239662,tt0088621,12,6
tt9239664,tt0088621,12,8
tt9239666,tt0088621,12,9
tt9239682,tt0088621,13,2
tt9239684,tt0088621,13,3
tt9239686,tt0088621,13,5
tt9239690,tt0088621,13,6
tt9239692,tt0088621,13,8
tt9239694,tt0088621,13,9
tt9239700,tt0088621,14,2
tt9239702,tt0088621,14,3
tt9239704,tt0088621,14,6
tt9239706,tt0088621,14,7
tt9239716,tt0088621,15,2
tt9239718,tt0088621,15,3
tt9248728,tt0088512,\N,\N
tt9254920,tt0088512,\N,\N
tt9257720,tt0088512,\N,\N
tt9257724,tt0088512,\N,\N
tt9261896,tt0081857,38,91
tt9261898,tt0081857,38,55
tt9261900,tt0081857,38,56
tt9261902,tt0081857,38,57
tt9261904,tt0081857,38,58
tt9261906,tt0081857,38,59
tt9264732,tt0088554,1,1699
tt9264738,tt0088554,1,1700
tt9267192,tt0083448,\N,\N
tt9277736,tt0088512,\N,\N
tt9283024,tt0088512,\N,\N
tt9283924,tt0080211,1,1
tt9283926,tt0080211,1,2
tt9283930,tt0080211,1,3
tt9283932,tt0080211,1,4
tt9283934,tt0080211,1,5
tt9283936,tt0080211,1,6
tt9283940,tt0080211,1,7
tt9283942,tt0080211,1,8
tt9283944,tt0080211,1,9
tt9283948,tt0080211,1,10
tt9283950,tt0080211,1,11
tt9283952,tt0080211,1,12
tt9283956,tt0080211,1,13
tt9283958,tt0080211,1,14
tt9283960,tt0080211,1,15
tt9283964,tt0080211,1,16
tt9283966,tt0080211,1,17
tt9283968,tt0080211,1,18
tt9283970,tt0080211,1,19
tt9283972,tt0080211,1,20
tt9283974,tt0080211,1,21
tt9283976,tt0080211,1,22
tt9283978,tt0080211,1,23
tt9283980,tt0080211,1,24
tt9288490,tt0088512,\N,\N
tt9288524,tt0088512,\N,\N
tt9296638,tt0081857,38,92
tt9296640,tt0081857,38,61
tt9296642,tt0081857,38,62
tt9296644,tt0081857,38,63
tt9296646,tt0081857,38,64
tt9296648,tt0081857,38,65
tt9296650,tt0081857,38,93
tt9297642,tt0088512,\N,\N
tt9299376,tt0080301,\N,\N
tt9301400,tt0083448,\N,\N
tt9303010,tt0088512,\N,\N
tt9310160,tt0088512,\N,\N
tt9310168,tt0088512,\N,\N
tt9321022,tt0085049,1,2238
tt9321028,tt0085049,1,2239
tt9321032,tt0085049,1,2240
tt9321034,tt0085049,1,2241
tt9321044,tt0085049,1,2242
tt9321370,tt0085049,1,2243
tt9321372,tt0085049,1,2244
tt9321374,tt0085049,1,2245
tt9321380,tt0085049,1,2246
tt9321404,tt0085049,1,2247
tt9322004,tt0085049,1,2248
tt9322032,tt0085049,1,2249
tt9322036,tt0085049,1,2250
tt9322052,tt0085049,1,2251
tt9322066,tt0085049,1,2252
tt9322304,tt0085049,1,2253
tt9322308,tt0085049,1,2254
tt9322314,tt0085049,1,2255
tt9322334,tt0085049,1,2256
tt9322342,tt0085049,1,2257
tt9322404,tt0085049,1,2258
tt9322410,tt0085049,1,2259
tt9324704,tt0088512,\N,\N
tt9327470,tt0085065,7,1
tt9327508,tt0085065,7,2
tt9327528,tt0085065,7,3
tt9327558,tt0085065,7,4
tt9327582,tt0085065,7,5
tt9327604,tt0085065,7,6
tt9328146,tt0085065,7,7
tt9328188,tt0085065,7,8
tt9328208,tt0085065,7,9
tt9328220,tt0088512,\N,\N
tt9332408,tt0081857,38,72
tt9332410,tt0081857,38,78
tt9332412,tt0081857,38,84
tt9332414,tt0081857,38,90
tt9332416,tt0081857,38,96
tt9332568,tt0088512,\N,\N
tt9332570,tt0088512,\N,\N
tt9342844,tt0085065,6,6
tt9342930,tt0083452,37,4
tt9343298,tt0083448,\N,\N
tt9344372,tt0085049,1,2260
tt9344376,tt0085049,1,2261
tt9344384,tt0085049,1,2262
tt9344390,tt0085049,1,2263
tt9344394,tt0085049,1,2264
tt9344396,tt0085049,1,2265
tt9344400,tt0085049,1,2266
tt9344402,tt0085049,1,2267
tt9344778,tt0085049,1,2268
tt9344786,tt0085049,1,2269
tt9344800,tt0085049,1,2270
tt9344812,tt0085049,1,2271
tt9344826,tt0085049,1,2272
tt9346086,tt0085049,1,2273
tt9346092,tt0085049,1,2274
tt9346106,tt0085049,1,2275
tt9346124,tt0085049,1,2276
tt9346144,tt0085049,1,2277
tt9346968,tt0085049,1,2278
tt9346972,tt0085049,1,2279
tt9346976,tt0085049,1,2280
tt9346980,tt0085049,1,2281
tt9354332,tt0088512,\N,\N
tt9358634,tt0085049,1,2282
tt9358644,tt0085049,1,2283
tt9358836,tt0088512,\N,\N
tt9363660,tt0085049,1,2284
tt9363664,tt0085049,1,2285
tt9363668,tt0085049,1,2286
tt9363672,tt0085049,1,2287
tt9364462,tt0088512,\N,\N
tt9364468,tt0088512,\N,\N
tt9366942,tt0081857,38,94
tt9366946,tt0081857,38,73
tt9366948,tt0081857,38,74
tt9366950,tt0081857,38,75
tt9366954,tt0081857,38,76
tt9366956,tt0081857,38,77
tt9372130,tt0083448,\N,\N
tt9386568,tt0080301,\N,\N
tt9399272,tt0088512,\N,\N
tt9401712,tt0081857,38,95
tt9401714,tt0081857,38,79
tt9401716,tt0081857,38,80
tt9401718,tt0081857,38,81
tt9401720,tt0081857,38,82
tt9401722,tt0081857,38,83
tt9403936,tt0088512,\N,\N
tt9403938,tt0088512,\N,\N
tt9407782,tt0088554,1,1701
tt9408354,tt0088512,\N,\N
tt9408364,tt0088512,\N,\N
tt9412460,tt0083448,\N,\N
tt9415066,tt0088512,\N,\N
tt9415070,tt0088512,\N,\N
tt9415074,tt0088512,\N,\N
tt9415078,tt0088512,\N,\N
tt9418416,tt0083100,1,1
tt9418428,tt0083100,1,2
tt9419038,tt0083441,5,100
tt9427408,tt0088486,21,9
tt9430424,tt0088512,\N,\N
tt9434194,tt0088512,1,186
tt9438596,tt0083504,10,28
tt9441654,tt0081857,\N,\N
tt9441656,tt0081857,38,85
tt9441658,tt0081857,38,86
tt9441662,tt0081857,38,87
tt9441664,tt0081857,38,88
tt9441666,tt0081857,38,89
tt9447520,tt0088512,\N,\N
tt9454350,tt0088512,\N,\N
tt9475932,tt0083448,\N,\N
tt9481934,tt0082201,1,441
tt9481944,tt0082201,1,442
tt9482206,tt0083451,6,8
tt9484918,tt0083448,\N,\N
tt9496200,tt0083448,\N,\N
tt9500012,tt0081857,\N,\N
tt9500016,tt0081857,\N,\N
tt9501064,tt0083452,37,6
tt9516576,tt0081857,\N,\N
tt9516578,tt0081857,38,97
tt9516598,tt0081857,38,98
tt9516600,tt0081857,38,99
tt9516604,tt0081857,38,100
tt9516606,tt0081857,38,101
tt9516932,tt0081857,38,102
tt9516934,tt0081857,38,108
tt9516936,tt0081857,38,114
tt9516938,tt0081857,38,120
tt9521528,tt0088598,\N,\N
tt9548064,tt0088512,\N,\N
tt9551384,tt0088554,1,1702
tt9551390,tt0088554,1,1703
tt9551398,tt0088554,1,1704
tt9551410,tt0088554,1,1705
tt9551418,tt0088554,1,1706
tt9551510,tt0081857,38,139
tt9551514,tt0081857,38,103
tt9551516,tt0081857,38,104
tt9551518,tt0081857,38,105
tt9551520,tt0081857,38,106
tt9551522,tt0081857,38,107
tt9552894,tt0088512,\N,\N
tt9557118,tt0088598,\N,\N
tt9557126,tt0088598,\N,\N
tt9557136,tt0088598,\N,\N
tt9557150,tt0088598,\N,\N
tt9557648,tt0088512,\N,\N
tt9557652,tt0088512,\N,\N
tt9563676,tt0088598,\N,\N
tt9563684,tt0088598,\N,\N
tt9564302,tt0083397,\N,\N
tt9580030,tt0086750,\N,\N
tt9580048,tt0086750,\N,\N
tt9580062,tt0086750,\N,\N
tt9580088,tt0086750,\N,\N
tt9580120,tt0086750,\N,\N
tt9580132,tt0086750,\N,\N
tt9580146,tt0086750,\N,\N
tt9585528,tt0088502,1,2
tt9585552,tt0088502,1,9
tt9585586,tt0088502,1,10
tt9585596,tt0088502,1,11
tt9585718,tt0088502,1,13
tt9585844,tt0088502,1,7
tt9585858,tt0088502,2,1
tt9587108,tt0088502,3,1
tt9587110,tt0088502,3,2
tt9587114,tt0088502,3,3
tt9587118,tt0088502,3,4
tt9587120,tt0088502,3,5
tt9587124,tt0088502,3,6
tt9587140,tt0088502,3,7
tt9587146,tt0088502,3,8
tt9587150,tt0088502,3,9
tt9587154,tt0088502,3,10
tt9587162,tt0088502,3,11
tt9587164,tt0088502,3,13
tt9587176,tt0088502,2,3
tt9587340,tt0088512,\N,\N
tt9587342,tt0088512,\N,\N
tt9588308,tt0081857,38,140
tt9588310,tt0081857,38,109
tt9588312,tt0081857,38,110
tt9588314,tt0081857,38,111
tt9588316,tt0081857,38,112
tt9588318,tt0081857,38,113
tt9588512,tt0088502,2,4
tt9588514,tt0088502,2,5
tt9588518,tt0088502,2,6
tt9588522,tt0088502,2,7
tt9588528,tt0088502,2,8
tt9588530,tt0088502,2,9
tt9588534,tt0088502,2,10
tt9588542,tt0088502,2,11
tt9588546,tt0088502,2,12
tt9588548,tt0088502,2,13
tt9589294,tt0085049,1,2
tt9589298,tt0085049,1,3
tt9589300,tt0085049,1,4
tt9597766,tt0082201,1,183
tt9597770,tt0082201,1,184
tt9597778,tt0082201,1,185
tt9597788,tt0082201,1,186
tt9598638,tt0082201,1,187
tt9598648,tt0082201,1,188
tt9598652,tt0082201,1,189
tt9598654,tt0082201,1,190
tt9616908,tt0080265,1,1
tt9616912,tt0080265,1,2
tt9616922,tt0080265,1,3
tt9616926,tt0080265,1,4
tt9616930,tt0080265,1,5
tt9616934,tt0080265,1,6
tt9616946,tt0080265,1,7
tt9616950,tt0080265,1,8
tt9616958,tt0080265,1,12
tt9616960,tt0080265,1,11
tt9616966,tt0080265,1,10
tt9616974,tt0080265,1,9
tt9626740,tt0088512,\N,\N
tt9626748,tt0088512,\N,\N
tt9627316,tt0081857,38,141
tt9627400,tt0081857,38,115
tt9627406,tt0081857,38,116
tt9627420,tt0081857,38,117
tt9627426,tt0081857,38,118
tt9627432,tt0081857,38,119
tt9629092,tt0088554,1,1707
tt9629096,tt0088554,1,1708
tt9631952,tt0088512,\N,\N
tt9631960,tt0088512,\N,\N
tt9642738,tt0083504,5,60
tt9659974,tt0088512,\N,\N
tt9659980,tt0088512,\N,\N
tt9659984,tt0088512,\N,\N
tt9659990,tt0088512,\N,\N
tt9660224,tt0088554,1,1709
tt9668968,tt0081857,38,126
tt9668970,tt0081857,38,132
tt9668972,tt0081857,38,138
tt9668974,tt0081857,38,144
tt9668978,tt0081857,38,142
tt9668980,tt0081857,38,121
tt9668982,tt0081857,38,122
tt9668984,tt0081857,38,123
tt9668986,tt0081857,38,124
tt9668988,tt0081857,38,125
tt9675458,tt0082201,1,104
tt9679870,tt0082201,1,100
tt9679898,tt0082201,1,97
tt9680470,tt0082201,1,95
tt9683704,tt0083504,5,17
tt9683760,tt0083504,5,78
tt9683768,tt0083504,6,75
tt9683812,tt0083504,3,1
tt9683818,tt0083504,5,123
tt9703358,tt0088512,\N,\N
tt9710778,tt0088512,\N,\N
tt9714628,tt0083452,18,1
tt9714636,tt0083452,18,2
tt9714644,tt0083452,18,3
tt9714670,tt0083452,18,7
tt9714720,tt0083452,18,10
tt9714724,tt0083452,18,11
tt9714732,tt0083452,18,12
tt9716398,tt0081857,38,143
tt9716404,tt0081857,38,127
tt9716406,tt0081857,38,128
tt9716408,tt0081857,38,129
tt9716412,tt0081857,38,130
tt9716414,tt0081857,38,131
tt9716762,tt0088512,\N,\N
tt9722160,tt0088554,1,1710
tt9738684,tt0088512,1,263
tt9739024,tt0088512,1,264
tt9746628,tt0088512,1,266
tt9746918,tt0088512,1,267
tt9749404,tt0088512,\N,\N
tt9749408,tt0088512,\N,\N
tt9749416,tt0088512,\N,\N
tt9756842,tt0088512,1,270
tt9758854,tt0081857,38,169
tt9758856,tt0081857,38,134
tt9758864,tt0081857,38,136
tt9758868,tt0081857,38,135
tt9758872,tt0081857,38,137
tt9758884,tt0081857,38,133
tt9761128,tt0088512,1,271
tt9762360,tt0088512,1,272
tt9769782,tt0088554,1,1711
tt9769786,tt0088554,1,1712
tt9773432,tt0088512,1,273
tt9774572,tt0085049,1,1992
tt9775790,tt0088512,1,274
tt9779952,tt0088512,\N,\N
tt9779984,tt0088512,\N,\N
tt9780136,tt0088512,\N,\N
tt9780144,tt0088512,\N,\N
tt9784602,tt0088512,1,275
tt9784640,tt0088512,1,276
tt9785342,tt0088512,1,328
tt9786560,tt0088512,1,279
tt9806702,tt0088512,1,281
tt9806774,tt0088512,1,282
tt9806810,tt0088512,1,283
tt9806834,tt0088512,1,284
tt9810576,tt0088512,1,287
tt9810580,tt0088512,1,288
tt9810588,tt0088512,1,289
tt9810590,tt0088512,1,290
tt9810592,tt0088512,1,293
tt9810616,tt0088512,1,295
tt9810620,tt0088512,1,296
tt9810624,tt0088512,1,297
tt9810626,tt0088512,1,298
tt9810632,tt0088512,1,299
tt9816946,tt0088512,\N,\N
tt9816948,tt0088512,\N,\N
tt9816950,tt0088512,\N,\N
tt9816952,tt0088512,\N,\N
tt9817192,tt0088512,1,405
tt9817200,tt0088512,1,406
tt9817204,tt0088512,1,407
tt9828358,tt0081857,38,170
tt9828360,tt0081857,38,145
tt9828362,tt0081857,38,146
tt9828364,tt0081857,38,147
tt9828368,tt0081857,38,148
tt9828372,tt0081857,38,149
tt9835814,tt0081857,38,150
tt9835818,tt0081857,38,156
tt9835820,tt0081857,38,162
tt9835824,tt0081857,38,168
tt9835826,tt0081857,38,174
tt9855696,tt0086744,1,14
tt9855702,tt0086744,1,15
tt9855708,tt0086744,1,16
tt9855720,tt0086744,1,17
tt9855730,tt0086744,1,18
tt9855748,tt0086744,1,19
tt9855762,tt0086744,1,20
tt9855776,tt0086744,1,21
tt9855784,tt0086744,1,22
tt9855878,tt0086744,2,1
tt9856560,tt0086676,1,1
tt9856562,tt0086676,1,2
tt9856564,tt0086676,1,3
tt9856566,tt0086676,1,4
tt9857970,tt0080277,6,32
tt9858216,tt0086750,\N,\N
tt9858366,tt0086750,\N,\N
tt9859702,tt0086744,2,3
tt9859720,tt0086744,2,5
tt9859750,tt0086744,2,7
tt9859776,tt0086744,2,8
tt9859822,tt0086744,2,10
tt9859866,tt0086744,2,11
tt9860196,tt0086744,2,12
tt9860200,tt0086744,2,13
tt9860608,tt0086744,2,14
tt9860620,tt0086744,2,16
tt9860648,tt0086744,2,17
tt9860716,tt0088512,\N,\N
tt9860720,tt0088512,\N,\N
tt9860822,tt0086744,2,18
tt9860830,tt0086744,2,19
tt9860842,tt0086744,2,20
tt9860894,tt0086744,2,26
tt9860988,tt0086744,3,8
tt9860996,tt0086744,3,9
tt9861008,tt0086744,3,10
tt9861016,tt0086744,3,11
tt9861042,tt0086744,3,12
tt9861116,tt0086744,3,13
tt9861168,tt0086744,4,2
tt9861194,tt0086744,4,3
tt9861198,tt0086744,4,4
tt9861206,tt0086744,4,5
tt9861210,tt0086744,4,6
tt9861236,tt0086744,4,8
tt9866622,tt0082201,1,504
tt9867038,tt0086744,5,1
tt9867058,tt0086744,5,2
tt9867078,tt0086744,5,3
tt9867098,tt0086744,5,4
tt9867106,tt0086744,5,5
tt9868864,tt0081857,38,171
tt9868868,tt0081857,38,151
tt9868872,tt0081857,38,152
tt9868874,tt0081857,38,153
tt9868878,tt0081857,38,154
tt9868882,tt0081857,38,155
tt9870422,tt0088581,1,2
tt9870424,tt0088581,1,3
tt9870426,tt0088581,1,4
tt9870428,tt0088581,1,5
tt9870440,tt0088581,1,6
tt9870442,tt0088581,1,7
tt9870444,tt0088581,1,8
tt9870446,tt0088581,1,9
tt9870448,tt0088581,1,10
tt9870474,tt0088581,1,12
tt9870476,tt0088581,1,11
tt9870478,tt0088581,1,13
tt9870480,tt0088581,1,14
tt9870482,tt0088581,1,15
tt9870566,tt0088581,1,16
tt9870568,tt0088581,1,17
tt9870570,tt0088581,1,18
tt9870572,tt0088581,1,19
tt9870574,tt0088581,1,20
tt9870584,tt0088581,1,21
tt9870586,tt0088581,1,22
tt9870588,tt0088581,1,23
tt9870590,tt0088581,1,24
tt9870592,tt0088581,1,25
tt9870816,tt0088581,1,26
tt9870818,tt0088581,1,27
tt9870820,tt0088581,1,28
tt9870822,tt0088581,1,29
tt9870826,tt0088581,1,30
tt9871078,tt0088512,1,403
tt9871158,tt0088581,1,31
tt9871162,tt0088581,1,32
tt9871164,tt0088581,1,33
tt9871166,tt0088581,1,34
tt9871170,tt0088581,1,35
tt9871200,tt0088581,1,36
tt9871202,tt0088581,1,37
tt9871204,tt0088581,1,38
tt9871206,tt0088581,1,39
tt9871208,tt0088581,1,40
tt9871942,tt0088581,1,41
tt9871948,tt0088581,1,42
tt9871950,tt0088581,1,43
tt9871954,tt0088581,1,44
tt9871958,tt0088581,1,45
tt9871980,tt0088581,1,47
tt9871982,tt0088581,1,48
tt9871984,tt0088581,1,49
tt9889356,tt0080277,3,32
tt9891122,tt0080272,1,0
tt9894304,tt0088512,\N,\N
tt9894308,tt0088512,\N,\N
tt9894312,tt0088512,\N,\N
tt9894914,tt0086815,24,7
tt9894936,tt0086815,23,15
tt9894940,tt0086815,23,17
tt9895442,tt0088512,\N,\N
tt9905704,tt0086744,5,9
tt9905714,tt0086744,5,10
tt9905724,tt0086744,5,11
tt9905728,tt0086744,5,12
tt9905732,tt0086744,5,13
tt9907234,tt0081857,38,172
tt9907236,tt0081857,38,157
tt9907238,tt0081857,38,158
tt9907242,tt0081857,38,159
tt9907246,tt0081857,38,160
tt9907254,tt0081857,38,161
